======================================================================
 harness:  cp_harness/dataset_leetcode
======================================================================

>>> [1/4] Fetch (skipped — reusing existing dataset)

>>> [2/4] Convert (Python -> Lean -> compile-check)
[          ok] 01-matrix/sol_0.py
[          ok] 1-bit-and-2-bit-characters/sol_0.py
[          ok] 132-pattern/sol_0.py
[          ok] 2-keys-keyboard/sol_0.py
[          ok] 24-game/sol_0.py
[          ok] 3sum/sol_0.py
[          ok] 3sum-closest/sol_0.py
[          ok] 3sum-smaller/sol_0.py
[          ok] 3sum-with-multiplicity/sol_0.py
[          ok] 4-keys-keyboard/sol_0.py
[          ok] 4sum/sol_0.py
[          ok] 4sum-ii/sol_0.py
[          ok] a-number-after-a-double-reversal/sol_0.py
[          ok] abbreviating-the-product-of-a-range/sol_0.py
[          ok] account-balance-after-rounded-purchase/sol_0.py
[compile_fail] accounts-merge/sol_0.py  -- Application type mismatch: The argument | emails | has type | List String | but is expected to have type
[          ok] add-binary/sol_0.py
[          ok] add-bold-tag-in-string/sol_0.py
[          ok] add-digits/sol_0.py
[          ok] add-edges-to-make-degrees-of-all-nodes-even/sol_0.py
[          ok] add-minimum-number-of-rungs/sol_0.py
[          ok] add-one-row-to-tree/sol_0.py
[          ok] add-strings/sol_0.py
[          ok] add-to-array-form-of-integer/sol_0.py
[          ok] add-two-integers/sol_0.py
[          ok] add-two-numbers/sol_0.py
[          ok] add-two-numbers-ii/sol_0.py
[          ok] adding-spaces-to-a-string/sol_0.py
[          ok] adding-two-negabinary-numbers/sol_0.py
[          ok] additive-number/sol_0.py
[          ok] advantage-shuffle/sol_0.py
[          ok] airplane-seat-assignment-probability/sol_0.py
[          ok] alert-using-same-key-card-three-or-more-times-in-a-one-hour-period/sol_0.py
[          ok] alice-and-bob-playing-flower-game/sol_0.py
[          ok] alien-dictionary/sol_0.py
[          ok] all-ancestors-of-a-node-in-a-directed-acyclic-graph/sol_0.py
[          ok] all-divisions-with-the-highest-score-of-a-binary-array/sol_0.py
[          ok] all-elements-in-two-binary-search-trees/sol_0.py
[compile_fail] all-paths-from-source-lead-to-destination/sol_0.py  -- Application type mismatch: The argument | p'_ret_1 | has type | Bool × List ℤ | but is expected to have type
[          ok] all-paths-from-source-to-target/sol_0.py
[          ok] allocate-mailboxes/sol_0.py
[          ok] alphabet-board-path/sol_0.py
[          ok] alt-and-tab-simulation/sol_0.py
[          ok] alternating-digit-sum/sol_0.py
[          ok] alternating-groups-i/sol_0.py
[          ok] alternating-groups-ii/sol_0.py
[          ok] ambiguous-coordinates/sol_0.py
[compile_fail] amount-of-new-area-painted-each-day/sol_0.py  -- Application type mismatch: The argument | none | has type | Option ?m.1 | but is expected to have type
[compile_fail] amount-of-time-for-binary-tree-to-be-infected/sol_0.py  -- typeclass instance problem is stuck | PyGetItem ?m.161 ℤ (List ℤ) | Note: Lean will not try to resolve this typeclass instance problem because the first type argument to `PyGetItem` is a metavariable. This argument must be fully determined before Lean will try to resolve the typeclass.
[          ok] analyze-user-website-visit-pattern/sol_0.py
[compile_fail] android-unlock-patterns/sol_0.py  -- Application type mismatch: The argument | 1 | has type | ℤ | but is expected to have type
[          ok] angle-between-hands-of-a-clock/sol_0.py
[          ok] ant-on-the-boundary/sol_0.py
[          ok] append-characters-to-string-to-make-subsequence/sol_0.py
[          ok] append-k-integers-with-minimal-sum/sol_0.py
[          ok] apple-redistribution-into-boxes/sol_0.py
[          ok] apply-bitwise-operations-to-make-strings-equal/sol_0.py
[          ok] apply-discount-to-prices/sol_0.py
[          ok] apply-operations-on-array-to-maximize-sum-of-squares/sol_0.py
[          ok] apply-operations-to-an-array/sol_0.py
[          ok] apply-operations-to-make-all-array-elements-equal-to-zero/sol_0.py
[compile_fail] apply-operations-to-make-string-empty/sol_0.py  -- failed to synthesize instance of type class | PyGetItem (String × ℤ) ℤ ?m.13
[          ok] apply-operations-to-make-sum-of-array-greater-than-or-equal-to-k/sol_0.py
[          ok] apply-operations-to-make-two-strings-equal/sol_0.py
[          ok] apply-operations-to-maximize-frequency-score/sol_0.py
[          ok] arithmetic-slices/sol_0.py
[          ok] arithmetic-slices-ii-subsequence/sol_0.py
[          ok] arithmetic-subarrays/sol_0.py
[          ok] armstrong-number/sol_0.py
[          ok] arranging-coins/sol_0.py
[          ok] array-nesting/sol_0.py
[          ok] array-of-doubled-pairs/sol_0.py
[          ok] array-partition/sol_0.py
[          ok] array-transformation/sol_0.py
[          ok] array-with-elements-not-equal-to-average-of-neighbors/sol_0.py
[          ok] as-far-from-land-as-possible/sol_0.py
[          ok] assign-cookies/sol_0.py
[          ok] asteroid-collision/sol_0.py
[          ok] available-captures-for-rook/sol_0.py
[          ok] average-height-of-buildings-in-each-segment/sol_0.py
[          ok] average-of-levels-in-binary-tree/sol_0.py
[          ok] average-salary-excluding-the-minimum-and-maximum-salary/sol_0.py
[          ok] average-value-of-even-numbers-that-are-divisible-by-three/sol_0.py
[          ok] average-waiting-time/sol_0.py
[          ok] avoid-flood-in-the-city/sol_0.py
[          ok] backspace-string-compare/sol_0.py
[          ok] bag-of-tokens/sol_0.py
[          ok] balance-a-binary-search-tree/sol_0.py
[          ok] balanced-binary-tree/sol_0.py
[          ok] baseball-game/sol_0.py
[          ok] basic-calculator/sol_0.py
[          ok] basic-calculator-ii/sol_0.py
[          ok] basic-calculator-iii/sol_0.py
[          ok] battleships-in-a-board/sol_0.py
[          ok] beautiful-arrangement/sol_0.py
[          ok] beautiful-arrangement-ii/sol_0.py
[          ok] beautiful-pairs/sol_0.py
[          ok] beautiful-towers-i/sol_0.py
[          ok] beautiful-towers-ii/sol_0.py
[          ok] before-and-after-puzzle/sol_0.py
[          ok] best-meeting-point/sol_0.py
[          ok] best-poker-hand/sol_0.py
[compile_fail] best-position-for-a-service-centre/sol_0.py  -- invalid reassignment, value has type | ℝ | but is expected to have type | ℚ
[          ok] best-sightseeing-pair/sol_0.py
[          ok] best-team-with-no-conflicts/sol_0.py
[          ok] best-time-to-buy-and-sell-stock/sol_0.py
[          ok] best-time-to-buy-and-sell-stock-ii/sol_0.py
[          ok] best-time-to-buy-and-sell-stock-iii/sol_0.py
[          ok] best-time-to-buy-and-sell-stock-iv/sol_0.py
[          ok] best-time-to-buy-and-sell-stock-with-cooldown/sol_0.py
[          ok] best-time-to-buy-and-sell-stock-with-transaction-fee/sol_0.py
[          ok] better-compression-of-string/sol_0.py
[          ok] binary-gap/sol_0.py
[          ok] binary-number-with-alternating-bits/sol_0.py
[          ok] binary-prefix-divisible-by-5/sol_0.py
[          ok] binary-search/sol_0.py
[          ok] binary-search-tree-to-greater-sum-tree/sol_0.py
[          ok] binary-searchable-numbers-in-an-unsorted-array/sol_0.py
[          ok] binary-string-with-substrings-representing-1-to-n/sol_0.py
[          ok] binary-subarrays-with-sum/sol_0.py
[          ok] binary-tree-cameras/sol_0.py
[compile_fail] binary-tree-coloring-game/sol_0.py  -- Invalid field `left`: The environment does not contain `Option.left`, so it is not possible to project the field `left` from an expression | node | of type `Option TreeNode`
[          ok] binary-tree-inorder-traversal/sol_0.py
[          ok] binary-tree-level-order-traversal/sol_0.py
[          ok] binary-tree-level-order-traversal-ii/sol_0.py
[          ok] binary-tree-longest-consecutive-sequence/sol_0.py
[compile_fail] binary-tree-longest-consecutive-sequence-ii/sol_0.py  -- Application type mismatch: The argument | p'_ret_1 | has type | List ℤ × ℤ | but is expected to have type
[          ok] binary-tree-maximum-path-sum/sol_0.py
[          ok] binary-tree-paths/sol_0.py
[          ok] binary-tree-postorder-traversal/sol_0.py
[          ok] binary-tree-preorder-traversal/sol_0.py
[          ok] binary-tree-right-side-view/sol_0.py
[          ok] binary-tree-tilt/sol_0.py
[          ok] binary-tree-vertical-order-traversal/sol_0.py
[          ok] binary-tree-zigzag-level-order-traversal/sol_0.py
[          ok] binary-trees-with-factors/sol_0.py
[          ok] binary-watch/sol_0.py
[          ok] bitwise-and-of-numbers-range/sol_0.py
[          ok] bitwise-or-of-adjacent-elements/sol_0.py
[          ok] bitwise-or-of-all-subsequence-sums/sol_0.py
[compile_fail] bitwise-ors-of-subarrays/sol_0.py  -- Invalid match expression: The type of pattern variable 'ans' contains metavariables: | List (?m.112 arr)
[          ok] bitwise-xor-of-all-pairings/sol_0.py
[compile_fail] block-placement-queries/sol_0.py  -- Unknown constant `PastaLean.User.Root.FenwickTree.lowtree`
[          ok] boats-to-save-people/sol_0.py
[          ok] bold-words-in-string/sol_0.py
[          ok] bomb-enemy/sol_0.py
[          ok] boundary-of-binary-tree/sol_0.py
[          ok] brace-expansion/sol_0.py
[          ok] brace-expansion-ii/sol_0.py
[          ok] break-a-palindrome/sol_0.py
[          ok] brick-wall/sol_0.py
[          ok] brightest-position-on-street/sol_0.py
[          ok] broken-calculator/sol_0.py
[          ok] buddy-strings/sol_0.py
[compile_fail] build-a-matrix-with-conditions/sol_0.py  -- failed to synthesize instance of type class | PyIterable (Option (List ℤ)) ?m.62
[          ok] build-an-array-with-stack-operations/sol_0.py
[          ok] build-array-from-permutation/sol_0.py
[          ok] build-array-where-you-can-find-the-maximum-exactly-k-comparisons/sol_0.py
[          ok] building-boxes/sol_0.py
[          ok] buildings-with-an-ocean-view/sol_0.py
[          ok] bulb-switcher/sol_0.py
[          ok] bulb-switcher-ii/sol_0.py
[          ok] bulls-and-cows/sol_0.py
[          ok] burst-balloons/sol_0.py
[          ok] bus-routes/sol_0.py
[          ok] buy-two-chocolates/sol_0.py
[          ok] calculate-amount-paid-in-taxes/sol_0.py
[          ok] calculate-delayed-arrival-time/sol_0.py
[          ok] calculate-digit-sum-of-a-string/sol_0.py
[          ok] calculate-money-in-leetcode-bank/sol_0.py
[          ok] camelcase-matching/sol_0.py
[          ok] campus-bikes/sol_0.py
[          ok] campus-bikes-ii/sol_0.py
[          ok] can-convert-string-in-k-moves/sol_0.py
[          ok] can-i-win/sol_0.py
[          ok] can-make-arithmetic-progression-from-sequence/sol_0.py
[          ok] can-make-palindrome-from-substring/sol_0.py
[          ok] can-place-flowers/sol_0.py
[          ok] can-you-eat-your-favorite-candy-on-your-favorite-day/sol_0.py
[          ok] candy/sol_0.py
[          ok] candy-crush/sol_0.py
[          ok] capacity-to-ship-packages-within-d-days/sol_0.py
[          ok] capitalize-the-title/sol_0.py
[          ok] car-fleet/sol_0.py
[          ok] car-fleet-ii/sol_0.py
[          ok] car-pooling/sol_0.py
[          ok] card-flipping-game/sol_0.py
[compile_fail] cat-and-mouse/sol_0.py  -- Unknown identifier `CAT_TURN`
[          ok] categorize-box-according-to-criteria/sol_0.py
[          ok] cells-in-a-range-on-an-excel-sheet/sol_0.py
[          ok] cells-with-odd-values-in-a-matrix/sol_0.py
[          ok] chalkboard-xor-game/sol_0.py
[          ok] champagne-tower/sol_0.py
[          ok] change-minimum-characters-to-satisfy-one-of-three-conditions/sol_0.py
[          ok] cheapest-flights-within-k-stops/sol_0.py
[          ok] check-array-formation-through-concatenation/sol_0.py
[compile_fail] check-completeness-of-a-binary-tree/sol_0.py  -- failed to synthesize instance of type class | PyIterable (List TreeNode) (Option TreeNode)
[          ok] check-distances-between-same-letters/sol_0.py
[compile_fail] check-for-contradictions-in-equations/sol_0.py  -- failed to synthesize instance of type class | PyContains (collections.PyDefaultDict PyAny ℤ) String
[          ok] check-if-a-number-is-majority-element-in-a-sorted-array/sol_0.py
[          ok] check-if-a-parentheses-string-can-be-valid/sol_0.py
[          ok] check-if-a-string-can-break-another-string/sol_0.py
[          ok] check-if-a-string-contains-all-binary-codes-of-size-k/sol_0.py
[          ok] check-if-a-string-is-a-valid-sequence-from-root-to-leaves-path-in-a-binary-tree/sol_0.py
[          ok] check-if-a-string-is-an-acronym-of-words/sol_0.py
[          ok] check-if-a-word-occurs-as-a-prefix-of-any-word-in-a-sentence/sol_0.py
[          ok] check-if-all-1s-are-at-least-length-k-places-away/sol_0.py
[          ok] check-if-all-as-appears-before-all-bs/sol_0.py
[          ok] check-if-all-characters-have-equal-number-of-occurrences/sol_0.py
[          ok] check-if-all-the-integers-in-a-range-are-covered/sol_0.py
[          ok] check-if-an-array-is-consecutive/sol_0.py
[          ok] check-if-an-original-string-exists-given-two-encoded-strings/sol_0.py
[          ok] check-if-array-is-good/sol_0.py
[          ok] check-if-array-is-sorted-and-rotated/sol_0.py
[          ok] check-if-array-pairs-are-divisible-by-k/sol_0.py
[          ok] check-if-binary-string-has-at-most-one-segment-of-ones/sol_0.py
[          ok] check-if-bitwise-or-has-trailing-zeros/sol_0.py
[          ok] check-if-every-row-and-column-contains-all-numbers/sol_0.py
[          ok] check-if-grid-satisfies-conditions/sol_0.py
[          ok] check-if-it-is-a-good-array/sol_0.py
[          ok] check-if-it-is-a-straight-line/sol_0.py
[          ok] check-if-it-is-possible-to-split-array/sol_0.py
[          ok] check-if-matrix-is-x-matrix/sol_0.py
[          ok] check-if-move-is-legal/sol_0.py
[          ok] check-if-n-and-its-double-exist/sol_0.py
[          ok] check-if-number-has-equal-digit-count-and-digit-value/sol_0.py
[          ok] check-if-number-is-a-sum-of-powers-of-three/sol_0.py
[          ok] check-if-numbers-are-ascending-in-a-sentence/sol_0.py
[          ok] check-if-one-string-swap-can-make-strings-equal/sol_0.py
[          ok] check-if-point-is-reachable/sol_0.py
[          ok] check-if-string-is-a-prefix-of-array/sol_0.py
[          ok] check-if-string-is-decomposable-into-value-equal-substrings/sol_0.py
[          ok] check-if-string-is-transformable-with-substring-sort-operations/sol_0.py
[          ok] check-if-strings-can-be-made-equal-with-operations-i/sol_0.py
[          ok] check-if-strings-can-be-made-equal-with-operations-ii/sol_0.py
[          ok] check-if-the-number-is-fascinating/sol_0.py
[          ok] check-if-the-rectangle-corner-is-reachable/sol_0.py
[          ok] check-if-the-sentence-is-pangram/sol_0.py
[          ok] check-if-there-is-a-path-with-equal-number-of-0s-and-1s/sol_0.py
[          ok] check-if-there-is-a-valid-parentheses-string-path/sol_0.py
[          ok] check-if-there-is-a-valid-partition-for-the-array/sol_0.py
[          ok] check-if-there-is-a-valid-path-in-a-grid/sol_0.py
[          ok] check-if-two-string-arrays-are-equivalent/sol_0.py
[          ok] check-if-word-can-be-placed-in-crossword/sol_0.py
[          ok] check-if-word-equals-summation-of-two-words/sol_0.py
[          ok] check-if-word-is-valid-after-substitutions/sol_0.py
[compile_fail] check-knight-tour-configuration/sol_0.py  -- Application type mismatch: The argument | p'_unpack_pair_2 | has type | Option (ℤ × ℤ) | but is expected to have type
[          ok] check-whether-two-strings-are-almost-equivalent/sol_0.py
[          ok] checking-existence-of-edge-length-limited-paths/sol_0.py
[          ok] cherry-pickup/sol_0.py
[          ok] cherry-pickup-ii/sol_0.py
[          ok] choose-edges-to-maximize-score-in-a-tree/sol_0.py
[          ok] choose-numbers-from-two-arrays-in-range/sol_0.py
[          ok] cinema-seat-allocation/sol_0.py
[          ok] circle-and-rectangle-overlapping/sol_0.py
[          ok] circular-array-loop/sol_0.py
[compile_fail] circular-permutation-in-binary-representation/sol_0.py  -- failed to synthesize instance of type class | PyHAdd (Array ℤ) (Array ℤ) ?m.28
[          ok] circular-sentence/sol_0.py
[          ok] clear-digits/sol_0.py
[          ok] climbing-stairs/sol_0.py
[compile_fail] clone-binary-tree-with-random-pointer/sol_0.py  -- Application type mismatch: The argument | [anonymous] | has type | List ?m.8 | but is expected to have type
[          ok] closest-binary-search-tree-value/sol_0.py
[          ok] closest-binary-search-tree-value-ii/sol_0.py
[          ok] closest-dessert-cost/sol_0.py
[          ok] closest-divisors/sol_0.py
[compile_fail] closest-leaf-in-a-binary-tree/sol_0.py  -- failed to synthesize instance of type class | Hashable (Option TreeNode)
[          ok] closest-node-to-path-in-tree/sol_0.py
[          ok] closest-nodes-queries-in-a-binary-search-tree/sol_0.py
[          ok] closest-prime-numbers-in-range/sol_0.py
[          ok] closest-room/sol_0.py
[          ok] clumsy-factorial/sol_0.py
[          ok] coin-change/sol_0.py
[          ok] coin-change-ii/sol_0.py
[          ok] coin-path/sol_0.py
[          ok] collect-coins-in-a-tree/sol_0.py
[          ok] collecting-chocolates/sol_0.py
[          ok] color-the-triangle-red/sol_0.py
[          ok] coloring-a-border/sol_0.py
[          ok] combination-sum/sol_0.py
[          ok] combination-sum-ii/sol_0.py
[          ok] combination-sum-iii/sol_0.py
[          ok] combination-sum-iv/sol_0.py
[          ok] combinations/sol_0.py
[          ok] compare-strings-by-frequency-of-the-smallest-character/sol_0.py
[          ok] compare-version-numbers/sol_0.py
[          ok] complement-of-base-10-integer/sol_0.py
[          ok] complex-number-multiplication/sol_0.py
[          ok] concatenated-words/sol_0.py
[          ok] concatenation-of-array/sol_0.py
[          ok] concatenation-of-consecutive-binary-numbers/sol_0.py
[          ok] confusing-number/sol_0.py
[          ok] confusing-number-ii/sol_0.py
[          ok] connecting-cities-with-minimum-cost/sol_0.py
[          ok] consecutive-characters/sol_0.py
[          ok] consecutive-numbers-sum/sol_0.py
[          ok] constrained-subsequence-sum/sol_0.py
[          ok] construct-binary-search-tree-from-preorder-traversal/sol_0.py
[          ok] construct-binary-tree-from-inorder-and-postorder-traversal/sol_0.py
[          ok] construct-binary-tree-from-preorder-and-inorder-traversal/sol_0.py
[          ok] construct-binary-tree-from-preorder-and-postorder-traversal/sol_0.py
[          ok] construct-binary-tree-from-string/sol_0.py
[          ok] construct-k-palindrome-strings/sol_0.py
[          ok] construct-product-matrix/sol_0.py
[compile_fail] construct-smallest-number-from-di-string/sol_0.py  -- failed to synthesize instance of type class | PyTruthy Unit
[          ok] construct-string-from-binary-tree/sol_0.py
[compile_fail] construct-string-with-minimum-cost/sol_0.py  -- typeclass instance problem is stuck | LT (?m.573 target words costs r✝ h p) | Note: Lean will not try to resolve this typeclass instance problem because the type argument to `LT` contains metavariables. This argument must be fully determined before Lean will try to resolve the typeclass.
[          ok] construct-string-with-repeat-limit/sol_0.py
[          ok] construct-target-array-with-multiple-sums/sol_0.py
[compile_fail] construct-the-lexicographically-largest-valid-sequence/sol_0.py  -- Application type mismatch: The argument | p'_ret_1 | has type | Bool × List ℤ × List ℤ | but is expected to have type
[          ok] construct-the-longest-new-string/sol_0.py
[          ok] construct-the-rectangle/sol_0.py
[          ok] contain-virus/sol_0.py
[          ok] container-with-most-water/sol_0.py
[          ok] contains-duplicate/sol_0.py
[          ok] contains-duplicate-ii/sol_0.py
[          ok] contains-duplicate-iii/sol_0.py
[          ok] contiguous-array/sol_0.py
[          ok] continuous-subarray-sum/sol_0.py
[          ok] continuous-subarrays/sol_0.py
[          ok] convert-1d-array-into-2d-array/sol_0.py
[          ok] convert-a-number-to-hexadecimal/sol_0.py
[          ok] convert-an-array-into-a-2d-array-with-conditions/sol_0.py
[          ok] convert-binary-number-in-a-linked-list-to-integer/sol_0.py
[          ok] convert-bst-to-greater-tree/sol_0.py
[          ok] convert-integer-to-the-sum-of-two-no-zero-integers/sol_0.py
[          ok] convert-sorted-array-to-binary-search-tree/sol_0.py
[          ok] convert-sorted-list-to-binary-search-tree/sol_0.py
[          ok] convert-the-temperature/sol_0.py
[          ok] convert-to-base-2/sol_0.py
[          ok] convex-polygon/sol_0.py
[compile_fail] coordinate-with-maximum-network-quality/sol_0.py  -- failed to synthesize instance of type class | math.PyMathFloatArg ℝ
[          ok] corporate-flight-bookings/sol_0.py
[          ok] count-all-possible-routes/sol_0.py
[          ok] count-all-valid-pickup-and-delivery-options/sol_0.py
[          ok] count-alternating-subarrays/sol_0.py
[          ok] count-and-say/sol_0.py
[          ok] count-array-pairs-divisible-by-k/sol_0.py
[          ok] count-artifacts-that-can-be-extracted/sol_0.py
[          ok] count-asterisks/sol_0.py
[          ok] count-beautiful-substrings-i/sol_0.py
[          ok] count-binary-substrings/sol_0.py
[          ok] count-collisions-on-a-road/sol_0.py
[          ok] count-common-words-with-one-occurrence/sol_0.py
[          ok] count-complete-subarrays-in-an-array/sol_0.py
[          ok] count-complete-substrings/sol_0.py
[          ok] count-days-spent-together/sol_0.py
[          ok] count-days-without-meetings/sol_0.py
[          ok] count-different-palindromic-subsequences/sol_0.py
[          ok] count-distinct-numbers-on-board/sol_0.py
[          ok] count-elements-with-maximum-frequency/sol_0.py
[          ok] count-elements-with-strictly-smaller-and-greater-elements/sol_0.py
[          ok] count-equal-and-divisible-pairs-in-an-array/sol_0.py
[          ok] count-fertile-pyramids-in-a-land/sol_0.py
[          ok] count-good-meals/sol_0.py
[          ok] count-good-nodes-in-binary-tree/sol_0.py
[          ok] count-good-numbers/sol_0.py
[          ok] count-good-triplets/sol_0.py
[          ok] count-good-triplets-in-an-array/sol_0.py
[          ok] count-hills-and-valleys-in-an-array/sol_0.py
[          ok] count-increasing-quadruplets/sol_0.py
[          ok] count-integers-with-even-digit-sum/sol_0.py
[          ok] count-items-matching-a-rule/sol_0.py
[          ok] count-k-subsequences-of-a-string-with-maximum-beauty/sol_0.py
[          ok] count-largest-group/sol_0.py
[          ok] count-lattice-points-inside-a-circle/sol_0.py
[          ok] count-negative-numbers-in-a-sorted-matrix/sol_0.py
[          ok] count-nice-pairs-in-an-array/sol_0.py
[          ok] count-nodes-equal-to-average-of-subtree/sol_0.py
[compile_fail] count-nodes-equal-to-sum-of-descendants/sol_0.py  -- Application type mismatch: The argument | p'_ret_1 | has type | ℤ × ℤ | but is expected to have type
[          ok] count-nodes-that-are-great-enough/sol_0.py
[compile_fail] count-nodes-with-the-highest-score/sol_0.py  -- Application type mismatch: The argument | p'_ret_1 | has type | ℤ × ℤ × ℤ | but is expected to have type
[          ok] count-number-of-bad-pairs/sol_0.py
[          ok] count-number-of-distinct-integers-after-reverse-operations/sol_0.py
[          ok] count-number-of-homogenous-substrings/sol_0.py
[          ok] count-number-of-maximum-bitwise-or-subsets/sol_0.py
[          ok] count-number-of-nice-subarrays/sol_0.py
[          ok] count-number-of-pairs-with-absolute-difference-k/sol_0.py
[          ok] count-number-of-possible-root-nodes/sol_0.py
[          ok] count-number-of-rectangles-containing-each-point/sol_0.py
[compile_fail] count-number-of-special-subsequences/sol_0.py  -- failed to synthesize instance of type class | PySetItem (List ℤ) ℤ Bool
[          ok] count-number-of-teams/sol_0.py
[          ok] count-number-of-texts/sol_0.py
[          ok] count-number-of-ways-to-place-houses/sol_0.py
[          ok] count-numbers-with-unique-digits/sol_0.py
[          ok] count-numbers-with-unique-digits-ii/sol_0.py
[          ok] count-odd-numbers-in-an-interval-range/sol_0.py
[compile_fail] count-of-integers/sol_0.py  -- must be last element in a `do` sequence
[          ok] count-of-interesting-subarrays/sol_0.py
[          ok] count-of-matches-in-tournament/sol_0.py
[          ok] count-of-range-sum/sol_0.py
[          ok] count-of-smaller-numbers-after-self/sol_0.py
[          ok] count-of-sub-multisets-with-bounded-sum/sol_0.py
[          ok] count-operations-to-obtain-zero/sol_0.py
[          ok] count-pairs-in-two-arrays/sol_0.py
[          ok] count-pairs-of-connectable-servers-in-a-weighted-tree-network/sol_0.py
[          ok] count-pairs-of-equal-substrings-with-minimum-difference/sol_0.py
[          ok] count-pairs-of-nodes/sol_0.py
[          ok] count-pairs-of-points-with-distance-k/sol_0.py
[          ok] count-pairs-of-similar-strings/sol_0.py
[          ok] count-pairs-that-form-a-complete-day-i/sol_0.py
[          ok] count-pairs-that-form-a-complete-day-ii/sol_0.py
[          ok] count-pairs-whose-sum-is-less-than-target/sol_0.py
[          ok] count-pairs-with-xor-in-a-range/sol_0.py
[          ok] count-palindromic-subsequences/sol_0.py
[          ok] count-paths-that-can-form-a-palindrome-in-a-tree/sol_0.py
[          ok] count-positions-on-street-with-required-brightness/sol_0.py
[          ok] count-prefix-and-suffix-pairs-i/sol_0.py
[compile_fail] count-prefix-and-suffix-pairs-ii/sol_0.py  -- Type mismatch | Std.HashMap.ofList [] | has type | Std.HashMap ?m.1 ?m.2 | but is expected to have type
[          ok] count-prefixes-of-a-given-string/sol_0.py
[          ok] count-primes/sol_0.py
[          ok] count-servers-that-communicate/sol_0.py
[          ok] count-sorted-vowel-strings/sol_0.py
[          ok] count-special-integers/sol_0.py
[          ok] count-special-quadruplets/sol_0.py
[          ok] count-square-submatrices-with-all-ones/sol_0.py
[          ok] count-square-sum-triples/sol_0.py
[          ok] count-stepping-numbers-in-range/sol_0.py
[          ok] count-strictly-increasing-subarrays/sol_0.py
[          ok] count-sub-islands/sol_0.py
[          ok] count-subarrays-where-max-element-appears-at-least-k-times/sol_0.py
[          ok] count-subarrays-with-fixed-bounds/sol_0.py
[          ok] count-subarrays-with-median-k/sol_0.py
[          ok] count-subarrays-with-more-ones-than-zeros/sol_0.py
[          ok] count-subarrays-with-score-less-than-k/sol_0.py
[          ok] count-submatrices-with-all-ones/sol_0.py
[          ok] count-submatrices-with-equal-frequency-of-x-and-y/sol_0.py
[          ok] count-submatrices-with-top-left-element-and-sum-less-than-k/sol_0.py
[          ok] count-substrings-starting-and-ending-with-given-character/sol_0.py
[          ok] count-substrings-that-differ-by-one-character/sol_0.py
[          ok] count-substrings-with-only-one-distinct-letter/sol_0.py
[          ok] count-substrings-without-repeating-character/sol_0.py
[compile_fail] count-subtrees-with-max-distance-between-cities/sol_0.py  -- `msk` cannot be mutated, only variables declared using `let mut` can be mutated. If you did not intend to mutate but define `msk`, consider using `let msk` instead
[          ok] count-symmetric-integers/sol_0.py
[          ok] count-tested-devices-after-test-operations/sol_0.py
[          ok] count-the-digits-that-divide-a-number/sol_0.py
[          ok] count-the-hidden-sequences/sol_0.py
[          ok] count-the-number-of-beautiful-subarrays/sol_0.py
[          ok] count-the-number-of-complete-components/sol_0.py
[          ok] count-the-number-of-consistent-strings/sol_0.py
[          ok] count-the-number-of-fair-pairs/sol_0.py
[          ok] count-the-number-of-good-subarrays/sol_0.py
[          ok] count-the-number-of-houses-at-a-certain-distance-i/sol_0.py
[          ok] count-the-number-of-houses-at-a-certain-distance-ii/sol_0.py
[          ok] count-the-number-of-ideal-arrays/sol_0.py
[          ok] count-the-number-of-incremovable-subarrays-i/sol_0.py
[          ok] count-the-number-of-incremovable-subarrays-ii/sol_0.py
[          ok] count-the-number-of-inversions/sol_0.py
[          ok] count-the-number-of-k-big-indices/sol_0.py
[          ok] count-the-number-of-k-free-subsets/sol_0.py
[          ok] count-the-number-of-powerful-integers/sol_0.py
[          ok] count-the-number-of-special-characters-i/sol_0.py
[          ok] count-the-number-of-special-characters-ii/sol_0.py
[          ok] count-the-number-of-square-free-subsets/sol_0.py
[compile_fail] count-the-number-of-substrings-with-dominant-ones/sol_0.py  -- failed to synthesize instance of type class | PyFloorDiv ℝ ℤ ?m.10
[          ok] count-the-number-of-vowel-strings-in-range/sol_0.py
[          ok] count-the-repetitions/sol_0.py
[          ok] count-total-number-of-colored-cells/sol_0.py
[          ok] count-triplets-that-can-form-two-arrays-of-equal-xor/sol_0.py
[          ok] count-triplets-with-even-xor-set-bits-i/sol_0.py
[          ok] count-triplets-with-even-xor-set-bits-ii/sol_0.py
[          ok] count-unguarded-cells-in-the-grid/sol_0.py
[          ok] count-unhappy-friends/sol_0.py
[          ok] count-unique-characters-of-all-substrings-of-a-given-string/sol_0.py
[compile_fail] count-univalue-subtrees/sol_0.py  -- Application type mismatch: The argument | (true, ans) | has type | Bool × ℤ | but is expected to have type
[          ok] count-unreachable-pairs-of-nodes-in-an-undirected-graph/sol_0.py
[          ok] count-valid-paths-in-a-tree/sol_0.py
[          ok] count-visited-nodes-in-a-directed-graph/sol_0.py
[          ok] count-vowel-strings-in-ranges/sol_0.py
[          ok] count-vowel-substrings-of-a-string/sol_0.py
[          ok] count-vowels-permutation/sol_0.py
[          ok] count-ways-to-build-good-strings/sol_0.py
[compile_fail] count-ways-to-build-rooms-in-an-ant-colony/sol_0.py  -- Application type mismatch: The argument | p'_ret_1 | has type | ℤ × List ℤ | but is expected to have type
[          ok] count-ways-to-distribute-candies/sol_0.py
[          ok] count-words-obtained-after-adding-a-letter/sol_0.py
[          ok] count-zero-request-servers/sol_0.py
[          ok] counting-bits/sol_0.py
[          ok] counting-elements/sol_0.py
[          ok] counting-words-with-a-given-prefix/sol_0.py
[          ok] couples-holding-hands/sol_0.py
[          ok] course-schedule/sol_0.py
[          ok] course-schedule-ii/sol_0.py
[          ok] course-schedule-iii/sol_0.py
[          ok] course-schedule-iv/sol_0.py
[compile_fail] cousins-in-binary-tree/sol_0.py  -- failed to synthesize instance of type class | PyIterable (List (Option TreeNode'rn × Option ?m.11)) (Option TreeNode × Option TreeNode)
[          ok] cousins-in-binary-tree-ii/sol_0.py
[          ok] cracking-the-safe/sol_0.py
[          ok] crawler-log-folder/sol_0.py
[convert_fail] create-binary-tree-from-descriptions/sol_0.py  -- defaultdict(TreeNode) is not supported; only `list`, `set`, `int`, `float`, `str`, `bool`, `dict` and `Counter` default factories are.
[          ok] create-components-with-same-value/sol_0.py
[          ok] create-maximum-number/sol_0.py
[          ok] create-sorted-array-through-instructions/sol_0.py
[          ok] create-target-array-in-the-given-order/sol_0.py
[          ok] critical-connections-in-a-network/sol_0.py
[          ok] custom-sort-string/sol_0.py
[          ok] cut-off-trees-for-golf-event/sol_0.py
[          ok] cutting-ribbons/sol_0.py
[          ok] cycle-length-queries-in-a-tree/sol_0.py
[          ok] cyclically-rotating-a-grid/sol_0.py
[          ok] daily-temperatures/sol_0.py
[     skipped] day-of-the-week/sol_0.py  -- datetime
[          ok] day-of-the-year/sol_0.py
[          ok] decode-string/sol_0.py
[          ok] decode-the-message/sol_0.py
[          ok] decode-the-slanted-ciphertext/sol_0.py
[          ok] decode-ways/sol_0.py
[          ok] decode-ways-ii/sol_0.py
[          ok] decode-xored-array/sol_0.py
[          ok] decode-xored-permutation/sol_0.py
[          ok] decoded-string-at-index/sol_0.py
[          ok] decompress-run-length-encoded-list/sol_0.py
[          ok] decrease-elements-to-make-array-zigzag/sol_0.py
[          ok] decremental-string-concatenation/sol_0.py
[          ok] decrypt-string-from-alphabet-to-integer-mapping/sol_0.py
[          ok] deepest-leaves-sum/sol_0.py
[          ok] defanging-an-ip-address/sol_0.py
[          ok] defuse-the-bomb/sol_0.py
[          ok] degree-of-an-array/sol_0.py
[          ok] delete-and-earn/sol_0.py
[          ok] delete-characters-to-make-fancy-string/sol_0.py
[          ok] delete-columns-to-make-sorted/sol_0.py
[          ok] delete-columns-to-make-sorted-ii/sol_0.py
[          ok] delete-columns-to-make-sorted-iii/sol_0.py
[convert_fail] delete-duplicate-folders-in-system/sol_0.py  -- Unsupported Python method 'setdefault' encountered in Call node.
[          ok] delete-greatest-value-in-each-row/sol_0.py
[          ok] delete-n-nodes-after-m-nodes-of-a-linked-list/sol_0.py
[          ok] delete-nodes-from-linked-list-present-in-array/sol_0.py
[          ok] delete-operation-for-two-strings/sol_0.py
[          ok] delete-the-middle-node-of-a-linked-list/sol_0.py
[          ok] delete-tree-nodes/sol_0.py
[          ok] delivering-boxes-from-storage-to-ports/sol_0.py
[compile_fail] depth-of-bst-given-insertion-order/sol_0.py  -- failed to synthesize instance of type class | PySetItem (Std.HashMap (Option ℤ) ℤ) ℤ ℤ
[          ok] describe-the-painting/sol_0.py
[          ok] destination-city/sol_0.py
[          ok] destroy-sequential-targets/sol_0.py
[          ok] destroying-asteroids/sol_0.py
[          ok] detect-capital/sol_0.py
[compile_fail] detect-cycles-in-2d-grid/sol_0.py  -- failed to synthesize instance of type class | PyGetItem (List (List String)) PyAny ?m.293
[          ok] detect-pattern-of-length-m-repeated-k-or-more-times/sol_0.py
[          ok] determine-color-of-a-chessboard-square/sol_0.py
[          ok] determine-if-a-cell-is-reachable-at-a-given-time/sol_0.py
[          ok] determine-if-string-halves-are-alike/sol_0.py
[          ok] determine-if-two-events-have-conflict/sol_0.py
[          ok] determine-if-two-strings-are-close/sol_0.py
[          ok] determine-the-minimum-sum-of-a-k-avoiding-array/sol_0.py
[          ok] determine-the-winner-of-a-bowling-game/sol_0.py
[          ok] determine-whether-matrix-can-be-obtained-by-rotation/sol_0.py
[          ok] detonate-the-maximum-bombs/sol_0.py
[          ok] di-string-match/sol_0.py
[          ok] diagonal-traverse/sol_0.py
[          ok] diagonal-traverse-ii/sol_0.py
[          ok] diameter-of-binary-tree/sol_0.py
[          ok] dice-roll-simulation/sol_0.py
[          ok] diet-plan-performance/sol_0.py
[          ok] difference-between-element-sum-and-digit-sum-of-an-array/sol_0.py
[          ok] difference-between-maximum-and-minimum-price-sum/sol_0.py
[          ok] difference-between-ones-and-zeros-in-row-and-column/sol_0.py
[          ok] difference-of-number-of-distinct-values-on-diagonals/sol_0.py
[          ok] different-ways-to-add-parentheses/sol_0.py
[compile_fail] disconnect-path-in-a-binary-matrix-by-at-most-one-flip/sol_0.py  -- Application type mismatch: The argument | p'_ret_1 | has type | Bool × List (List ℤ) | but is expected to have type
[compile_fail] display-table-of-food-orders-in-a-restaurant/sol_0.py  -- failed to synthesize instance of type class | PyGetItem (collections.PyDefaultDict PyAny (List String)) ℤ ?m.60
[          ok] distance-between-bus-stops/sol_0.py
[          ok] distance-to-a-cycle-in-undirected-graph/sol_0.py
[          ok] distant-barcodes/sol_0.py
[          ok] distinct-echo-substrings/sol_0.py
[          ok] distinct-numbers-in-each-subarray/sol_0.py
[          ok] distinct-prime-factors-of-product-of-array/sol_0.py
[          ok] distinct-subsequences/sol_0.py
[          ok] distinct-subsequences-ii/sol_0.py
[          ok] distribute-candies/sol_0.py
[          ok] distribute-candies-among-children-i/sol_0.py
[          ok] distribute-candies-among-children-ii/sol_0.py
[          ok] distribute-candies-among-children-iii/sol_0.py
[          ok] distribute-candies-to-people/sol_0.py
[compile_fail] distribute-coins-in-binary-tree/sol_0.py  -- Application type mismatch: The argument | (0, ans) | has type | ℤ × ℤ | but is expected to have type
[          ok] distribute-elements-into-two-arrays-i/sol_0.py
[          ok] distribute-elements-into-two-arrays-ii/sol_0.py
[          ok] distribute-money-to-maximum-children/sol_0.py
[          ok] distribute-repeating-integers/sol_0.py
[          ok] divide-a-string-into-groups-of-size-k/sol_0.py
[          ok] divide-an-array-into-subarrays-with-minimum-cost-i/sol_0.py
[          ok] divide-an-array-into-subarrays-with-minimum-cost-ii/sol_0.py
[          ok] divide-array-in-sets-of-k-consecutive-numbers/sol_0.py
[          ok] divide-array-into-arrays-with-max-difference/sol_0.py
[          ok] divide-array-into-equal-pairs/sol_0.py
[          ok] divide-array-into-increasing-sequences/sol_0.py
[          ok] divide-chocolate/sol_0.py
[          ok] divide-intervals-into-minimum-number-of-groups/sol_0.py
[          ok] divide-nodes-into-the-maximum-number-of-groups/sol_0.py
[          ok] divide-players-into-teams-of-equal-skill/sol_0.py
[          ok] divide-two-integers/sol_0.py
[          ok] divisible-and-non-divisible-sums-difference/sol_0.py
[          ok] divisor-game/sol_0.py
[          ok] domino-and-tromino-tiling/sol_0.py
[          ok] dota2-senate/sol_0.py
[          ok] double-a-number-represented-as-a-linked-list/sol_0.py
[          ok] dungeon-game/sol_0.py
[          ok] duplicate-zeros/sol_0.py
[          ok] earliest-possible-day-of-full-bloom/sol_0.py
[          ok] earliest-second-to-mark-indices-i/sol_0.py
[          ok] edit-distance/sol_0.py
[compile_fail] egg-drop-with-2-eggs-and-n-floors/sol_0.py  -- Type mismatch | [0] +ₚ pyListRepeat [inf] n | has type | List ℚ | but is expected to have type
[          ok] element-appearing-more-than-25-in-sorted-array/sol_0.py
[          ok] elements-in-array-after-removing-and-replacing-elements/sol_0.py
[          ok] eliminate-maximum-number-of-monsters/sol_0.py
[          ok] elimination-game/sol_0.py
[          ok] encode-number/sol_0.py
[compile_fail] encode-string-with-shortest-length/sol_0.py  -- failed to synthesize instance of type class | PyHAdd (Option String) (Option String) ?m.94
[compile_fail] equal-rational-numbers/sol_0.py  -- Application type mismatch: The argument | ratios | has type | List ℚ | but is expected to have type
[          ok] equal-row-and-column-pairs/sol_0.py
[compile_fail] equal-tree-partition/sol_0.py  -- failed to synthesize instance of type class | PyHAdd (Option TreeNode) (Option TreeNode) ?m.67
[          ok] equalize-strings-by-adding-or-removing-characters-at-ends/sol_0.py
[          ok] erect-the-fence/sol_0.py
[compile_fail] escape-a-large-maze/sol_0.py  -- failed to synthesize instance of type class | PyContains (List PyAny) (ℤ × ℤ)
[          ok] escape-the-ghosts/sol_0.py
[          ok] escape-the-spreading-fire/sol_0.py
[compile_fail] evaluate-division/sol_0.py  -- typeclass instance problem is stuck | PyGetItem ?m.215 String String | Note: Lean will not try to resolve this typeclass instance problem because the first type argument to `PyGetItem` is a metavariable. This argument must be fully determined before Lean will try to resolve the typeclass.
[compile_fail] evaluate-reverse-polish-notation/sol_0.py  -- failed to synthesize instance of type class | PyHDiv ℤ ℤ ℤ
[          ok] evaluate-the-bracket-pairs-of-a-string/sol_0.py
[          ok] even-odd-tree/sol_0.py
[          ok] excel-sheet-column-number/sol_0.py
[          ok] excel-sheet-column-title/sol_0.py
[compile_fail] exclusive-time-of-functions/sol_0.py  -- Application type mismatch: The argument | p'_unpack_pair_2 | has type | ℤ × ℤ | but is expected to have type
[          ok] execution-of-all-suffix-instructions-staying-in-a-grid/sol_0.py
[          ok] existence-of-a-substring-in-a-string-and-its-reverse/sol_0.py
[          ok] expression-add-operators/sol_0.py
[          ok] expressive-words/sol_0.py
[          ok] extra-characters-in-a-string/sol_0.py
[          ok] factor-combinations/sol_0.py
[          ok] factorial-trailing-zeroes/sol_0.py
[          ok] fair-candy-swap/sol_0.py
[          ok] fair-distribution-of-cookies/sol_0.py
[compile_fail] falling-squares/sol_0.py  -- Application type mismatch: The argument | none | has type | Option ?m.1 | but is expected to have type
[          ok] faulty-keyboard/sol_0.py
[          ok] faulty-sensor/sol_0.py
[          ok] fibonacci-number/sol_0.py
[          ok] filling-bookcase-shelves/sol_0.py
[          ok] filter-restaurants-by-vegan-friendly-price-and-distance/sol_0.py
[          ok] final-prices-with-a-special-discount-in-a-shop/sol_0.py
[          ok] final-value-of-variable-after-performing-operations/sol_0.py
[          ok] find-a-corresponding-node-of-a-binary-tree-in-a-clone-of-that-tree/sol_0.py
[          ok] find-a-good-subset-of-the-matrix/sol_0.py
[          ok] find-a-peak-element-ii/sol_0.py
[          ok] find-a-value-of-a-mysterious-function-closest-to-target/sol_0.py
[          ok] find-all-anagrams-in-a-string/sol_0.py
[          ok] find-all-duplicates-in-an-array/sol_0.py
[          ok] find-all-good-indices/sol_0.py
[          ok] find-all-groups-of-farmland/sol_0.py
[          ok] find-all-k-distant-indices-in-an-array/sol_0.py
[          ok] find-all-lonely-numbers-in-the-array/sol_0.py
[          ok] find-all-numbers-disappeared-in-an-array/sol_0.py
[compile_fail] find-all-people-with-secret/sol_0.py  -- invalid reassignment, value has type | Std.HashMap ?m.211 ?m.212 | but is expected to have type | List ℤ
[          ok] find-all-possible-recipes-from-given-supplies/sol_0.py
[          ok] find-all-possible-stable-binary-arrays-i/sol_0.py
[          ok] find-all-possible-stable-binary-arrays-ii/sol_0.py
[          ok] find-all-the-lonely-nodes/sol_0.py
[          ok] find-anagram-mappings/sol_0.py
[          ok] find-and-replace-in-string/sol_0.py
[          ok] find-and-replace-pattern/sol_0.py
[          ok] find-array-given-subset-sums/sol_0.py
[compile_fail] find-beautiful-indices-in-the-given-array-i/sol_0.py  -- failed to synthesize instance of type class | PyGetItem String PyAny ?m.49
[compile_fail] find-beautiful-indices-in-the-given-array-ii/sol_0.py  -- failed to synthesize instance of type class | PyGetItem String PyAny ?m.49
[          ok] find-bottom-left-tree-value/sol_0.py
[compile_fail] find-building-where-alice-and-bob-can-meet/sol_0.py  -- Type mismatch | pyListRepeat [inf] (n +ₚ 1) | has type | List ℚ | but is expected to have type
[          ok] find-center-of-star-graph/sol_0.py
[          ok] find-champion-i/sol_0.py
[          ok] find-champion-ii/sol_0.py
[          ok] find-closest-node-to-given-two-nodes/sol_0.py
[          ok] find-closest-number-to-zero/sol_0.py
[          ok] find-common-characters/sol_0.py
[          ok] find-common-elements-between-two-arrays/sol_0.py
[compile_fail] find-critical-and-pseudo-critical-edges-in-minimum-spanning-tree/sol_0.py  -- Unknown constant `PastaLean.User.Root.UnionFind.find`
[          ok] find-distance-in-a-binary-tree/sol_0.py
[          ok] find-duplicate-file-in-system/sol_0.py
[          ok] find-edges-in-shortest-paths/sol_0.py
[          ok] find-eventual-safe-states/sol_0.py
[          ok] find-first-and-last-position-of-element-in-sorted-array/sol_0.py
[          ok] find-first-palindromic-string-in-the-array/sol_0.py
[          ok] find-good-days-to-rob-the-bank/sol_0.py
[          ok] find-greatest-common-divisor-of-array/sol_0.py
[          ok] find-if-array-can-be-sorted/sol_0.py
[          ok] find-if-digit-game-can-be-won/sol_0.py
[compile_fail] find-if-path-exists-in-graph/sol_0.py  -- typeclass instance problem is stuck | PyContains ?m.46 ℤ | Note: Lean will not try to resolve this typeclass instance problem because the first type argument to `PyContains` is a metavariable. This argument must be fully determined before Lean will try to resolve the typeclass.
[          ok] find-indices-with-index-and-value-difference-i/sol_0.py
[          ok] find-indices-with-index-and-value-difference-ii/sol_0.py
[          ok] find-k-closest-elements/sol_0.py
[          ok] find-k-length-substrings-with-no-repeated-characters/sol_0.py
[          ok] find-k-pairs-with-smallest-sums/sol_0.py
[          ok] find-k-th-smallest-pair-distance/sol_0.py
[          ok] find-kth-bit-in-nth-binary-string/sol_0.py
[          ok] find-kth-largest-xor-coordinate-value/sol_0.py
[          ok] find-largest-value-in-each-tree-row/sol_0.py
[          ok] find-latest-group-of-size-m/sol_0.py
[          ok] find-leaves-of-binary-tree/sol_0.py
[          ok] find-longest-awesome-substring/sol_0.py
[          ok] find-longest-self-contained-substring/sol_0.py
[          ok] find-longest-special-substring-that-occurs-thrice-i/sol_0.py
[          ok] find-longest-special-substring-that-occurs-thrice-ii/sol_0.py
[          ok] find-lucky-integer-in-an-array/sol_0.py
[          ok] find-maximal-uncovered-ranges/sol_0.py
[          ok] find-maximum-non-decreasing-array-length/sol_0.py
[          ok] find-maximum-number-of-string-pairs/sol_0.py
[          ok] find-minimum-in-rotated-sorted-array/sol_0.py
[          ok] find-minimum-in-rotated-sorted-array-ii/sol_0.py
[compile_fail] find-minimum-operations-to-make-all-elements-divisible-by-three/sol_0.py  -- Unknown identifier `mod`
[          ok] find-minimum-time-to-finish-all-jobs/sol_0.py
[          ok] find-minimum-time-to-finish-all-jobs-ii/sol_0.py
[          ok] find-missing-and-repeated-values/sol_0.py
[          ok] find-missing-observations/sol_0.py
[compile_fail] find-mode-in-binary-search-tree/sol_0.py  -- Application type mismatch: The argument | prev | has type | Option (?m.40 root) | but is expected to have type
[          ok] find-n-unique-integers-sum-up-to-zero/sol_0.py
[          ok] find-nearest-point-that-has-the-same-x-or-y-coordinate/sol_0.py
[          ok] find-nearest-right-node-in-binary-tree/sol_0.py
[          ok] find-number-of-coins-to-place-in-tree-nodes/sol_0.py
[          ok] find-number-of-ways-to-reach-the-k-th-stair/sol_0.py
[          ok] find-numbers-with-even-number-of-digits/sol_0.py
[          ok] find-occurrences-of-an-element-in-an-array/sol_0.py
[          ok] find-original-array-from-doubled-array/sol_0.py
[          ok] find-palindrome-with-fixed-length/sol_0.py
[          ok] find-peak-element/sol_0.py
[          ok] find-permutation/sol_0.py
[          ok] find-pivot-index/sol_0.py
[          ok] find-players-with-zero-or-one-losses/sol_0.py
[          ok] find-polygon-with-the-largest-perimeter/sol_0.py
[          ok] find-resultant-array-after-removing-anagrams/sol_0.py
[          ok] find-right-interval/sol_0.py
[          ok] find-score-of-an-array-after-marking-all-elements/sol_0.py
[          ok] find-servers-that-handled-most-number-of-requests/sol_0.py
[          ok] find-shortest-path-with-k-hops/sol_0.py
[          ok] find-smallest-common-element-in-all-rows/sol_0.py
[          ok] find-smallest-letter-greater-than-target/sol_0.py
[          ok] find-subarray-with-bitwise-or-closest-to-k/sol_0.py
[          ok] find-subarrays-with-equal-sum/sol_0.py
[          ok] find-subsequence-of-length-k-with-the-largest-sum/sol_0.py
[          ok] find-substring-with-given-hash-value/sol_0.py
[          ok] find-target-indices-after-sorting-array/sol_0.py
[          ok] find-the-array-concatenation-value/sol_0.py
[          ok] find-the-child-who-has-the-ball-after-k-seconds/sol_0.py
[          ok] find-the-city-with-the-smallest-number-of-neighbors-at-a-threshold-distance/sol_0.py
[          ok] find-the-closest-marked-node/sol_0.py
[          ok] find-the-closest-palindrome/sol_0.py
[compile_fail] find-the-count-of-numbers-which-are-not-special/sol_0.py  -- failed to synthesize instance of type class | math.PyMathFloatArg ℝ
[          ok] find-the-derangement-of-an-array/sol_0.py
[          ok] find-the-difference/sol_0.py
[          ok] find-the-difference-of-two-arrays/sol_0.py
[          ok] find-the-distance-value-between-two-arrays/sol_0.py
[          ok] find-the-distinct-difference-array/sol_0.py
[          ok] find-the-divisibility-array-of-a-string/sol_0.py
[          ok] find-the-duplicate-number/sol_0.py
[          ok] find-the-encrypted-string/sol_0.py
[          ok] find-the-first-player-to-win-k-games-in-a-row/sol_0.py
[          ok] find-the-grid-of-region-average/sol_0.py
[          ok] find-the-highest-altitude/sol_0.py
[          ok] find-the-index-of-permutation/sol_0.py
[          ok] find-the-index-of-the-first-occurrence-in-a-string/sol_0.py
[          ok] find-the-integer-added-to-array-i/sol_0.py
[          ok] find-the-integer-added-to-array-ii/sol_0.py
[          ok] find-the-k-beauty-of-a-number/sol_0.py
[          ok] find-the-k-or-of-an-array/sol_0.py
[          ok] find-the-k-sum-of-an-array/sol_0.py
[          ok] find-the-k-th-lucky-number/sol_0.py
[          ok] find-the-kth-largest-integer-in-the-array/sol_0.py
[          ok] find-the-kth-smallest-sum-of-a-matrix-with-sorted-rows/sol_0.py
[          ok] find-the-largest-area-of-square-inside-two-rectangles/sol_0.py
[          ok] find-the-length-of-the-longest-common-prefix/sol_0.py
[          ok] find-the-level-of-tree-with-minimum-sum/sol_0.py
[          ok] find-the-longest-balanced-substring-of-a-binary-string/sol_0.py
[          ok] find-the-longest-equal-subarray/sol_0.py
[          ok] find-the-longest-semi-repetitive-substring/sol_0.py
[          ok] find-the-longest-substring-containing-vowels-in-even-counts/sol_0.py
[          ok] find-the-longest-valid-obstacle-course-at-each-position/sol_0.py
[          ok] find-the-losers-of-the-circular-game/sol_0.py
[          ok] find-the-maximum-achievable-number/sol_0.py
[          ok] find-the-maximum-divisibility-score/sol_0.py
[          ok] find-the-maximum-length-of-a-good-subsequence-i/sol_0.py
[compile_fail] find-the-maximum-length-of-a-good-subsequence-ii/sol_0.py  -- Application type mismatch: The argument | f⦋i⦌⦋h⦌ | has type | PyAny | but is expected to have type
[          ok] find-the-maximum-length-of-valid-subsequence-i/sol_0.py
[          ok] find-the-maximum-length-of-valid-subsequence-ii/sol_0.py
[          ok] find-the-maximum-number-of-elements-in-subset/sol_0.py
[          ok] find-the-maximum-number-of-marked-indices/sol_0.py
[          ok] find-the-maximum-sum-of-node-values/sol_0.py
[          ok] find-the-median-of-the-uniqueness-array/sol_0.py
[          ok] find-the-middle-index-in-array/sol_0.py
[          ok] find-the-minimum-and-maximum-number-of-nodes-between-critical-points/sol_0.py
[          ok] find-the-minimum-area-to-cover-all-ones-i/sol_0.py
[          ok] find-the-minimum-area-to-cover-all-ones-ii/sol_0.py
[          ok] find-the-minimum-cost-array-permutation/sol_0.py
[          ok] find-the-minimum-number-of-fibonacci-numbers-whose-sum-is-k/sol_0.py
[          ok] find-the-minimum-possible-sum-of-a-beautiful-array/sol_0.py
[          ok] find-the-most-competitive-subsequence/sol_0.py
[          ok] find-the-n-th-value-after-k-seconds/sol_0.py
[          ok] find-the-number-of-distinct-colors-among-the-balls/sol_0.py
[          ok] find-the-number-of-good-pairs-i/sol_0.py
[          ok] find-the-number-of-good-pairs-ii/sol_0.py
[          ok] find-the-number-of-subarrays-where-boundary-elements-are-maximum/sol_0.py
[          ok] find-the-number-of-ways-to-place-people-i/sol_0.py
[          ok] find-the-number-of-ways-to-place-people-ii/sol_0.py
[          ok] find-the-number-of-winning-players/sol_0.py
[          ok] find-the-original-array-of-prefix-xor/sol_0.py
[          ok] find-the-peaks/sol_0.py
[          ok] find-the-pivot-integer/sol_0.py
[          ok] find-the-prefix-common-array-of-two-arrays/sol_0.py
[          ok] find-the-punishment-number-of-an-integer/sol_0.py
[compile_fail] find-the-safest-path-in-a-grid/sol_0.py  -- failed to synthesize instance of type class | PyGetItem (List ℤ) PyAny ?m.13
[          ok] find-the-score-of-all-prefixes-of-an-array/sol_0.py
[          ok] find-the-shortest-superstring/sol_0.py
[          ok] find-the-smallest-divisor-given-a-threshold/sol_0.py
[compile_fail] find-the-string-with-lcp/sol_0.py  -- Application type mismatch: The argument | s | has type | List String | but is expected to have type
[          ok] find-the-student-that-will-replace-the-chalk/sol_0.py
[          ok] find-the-substring-with-maximum-cost/sol_0.py
[          ok] find-the-sum-of-encrypted-integers/sol_0.py
[          ok] find-the-sum-of-subsequence-powers/sol_0.py
[          ok] find-the-sum-of-the-power-of-all-subsequences/sol_0.py
[          ok] find-the-town-judge/sol_0.py
[          ok] find-the-value-of-the-partition/sol_0.py
[          ok] find-the-width-of-columns-of-a-grid/sol_0.py
[          ok] find-the-winner-of-an-array-game/sol_0.py
[          ok] find-the-winning-player-in-coin-game/sol_0.py
[          ok] find-the-xor-of-numbers-which-appear-twice/sol_0.py
[          ok] find-three-consecutive-integers-that-sum-to-a-given-number/sol_0.py
[          ok] find-triangular-sum-of-an-array/sol_0.py
[          ok] find-two-non-overlapping-sub-arrays-each-with-target-sum/sol_0.py
[          ok] find-unique-binary-string/sol_0.py
[          ok] find-valid-matrix-given-row-and-column-sums/sol_0.py
[          ok] find-winner-on-a-tic-tac-toe-game/sol_0.py
[          ok] find-words-containing-character/sol_0.py
[          ok] find-words-that-can-be-formed-by-characters/sol_0.py
[          ok] find-xor-beauty-of-array/sol_0.py
[          ok] find-xor-sum-of-all-pairs-bitwise-and/sol_0.py
[          ok] finding-3-digit-even-numbers/sol_0.py
[          ok] finding-the-number-of-visible-mountains/sol_0.py
[          ok] finding-the-users-active-minutes/sol_0.py
[compile_fail] first-bad-version/sol_0.py  -- Unknown identifier `isBadVersion`
[          ok] first-completely-painted-row-or-column/sol_0.py
[          ok] first-day-where-you-have-been-in-all-the-rooms/sol_0.py
[          ok] first-letter-to-appear-twice/sol_0.py
[          ok] first-missing-positive/sol_0.py
[          ok] first-unique-character-in-a-string/sol_0.py
[          ok] fixed-point/sol_0.py
[          ok] fizz-buzz/sol_0.py
[          ok] flatten-binary-tree-to-linked-list/sol_0.py
[          ok] flip-binary-tree-to-match-preorder-traversal/sol_0.py
[          ok] flip-columns-for-maximum-number-of-equal-rows/sol_0.py
[          ok] flip-equivalent-binary-trees/sol_0.py
[          ok] flip-game/sol_0.py
[          ok] flip-game-ii/sol_0.py
[          ok] flip-string-to-monotone-increasing/sol_0.py
[          ok] flipping-an-image/sol_0.py
[          ok] flood-fill/sol_0.py
[          ok] flower-planting-with-no-adjacent/sol_0.py
[          ok] form-array-by-concatenating-subarrays-of-another-array/sol_0.py
[          ok] form-largest-integer-with-digits-that-add-up-to-target/sol_0.py
[          ok] form-smallest-number-from-two-digit-arrays/sol_0.py
[          ok] four-divisors/sol_0.py
[          ok] fraction-addition-and-subtraction/sol_0.py
[          ok] fraction-to-recurring-decimal/sol_0.py
[          ok] freedom-trail/sol_0.py
[          ok] frequency-of-the-most-frequent-element/sol_0.py
[          ok] friends-of-appropriate-ages/sol_0.py
[          ok] frog-jump/sol_0.py
[          ok] frog-jump-ii/sol_0.py
[          ok] frog-position-after-t-seconds/sol_0.py
[          ok] fruit-into-baskets/sol_0.py
[          ok] furthest-building-you-can-reach/sol_0.py
[          ok] furthest-point-from-origin/sol_0.py
[          ok] game-of-life/sol_0.py
[          ok] game-of-nim/sol_0.py
[          ok] gas-station/sol_0.py
[          ok] gcd-sort-of-an-array/sol_0.py
[          ok] generalized-abbreviation/sol_0.py
[          ok] generate-a-string-with-characters-that-have-odd-counts/sol_0.py
[          ok] generate-binary-strings-without-adjacent-zeros/sol_0.py
[          ok] generate-parentheses/sol_0.py
[          ok] get-biggest-three-rhombus-sums-in-a-grid/sol_0.py
[          ok] get-equal-substrings-within-budget/sol_0.py
[          ok] get-maximum-in-generated-array/sol_0.py
[          ok] get-the-maximum-score/sol_0.py
[          ok] get-watched-videos-by-your-friends/sol_0.py
[          ok] global-and-local-inversions/sol_0.py
[          ok] goal-parser-interpretation/sol_0.py
[          ok] goat-latin/sol_0.py
[          ok] graph-connectivity-with-threshold/sol_0.py
[          ok] graph-valid-tree/sol_0.py
[          ok] gray-code/sol_0.py
[          ok] greatest-common-divisor-of-strings/sol_0.py
[compile_fail] greatest-common-divisor-traversal/sol_0.py  -- typeclass instance problem is stuck | Hashable ?m.6 | Note: Lean will not try to resolve this typeclass instance problem because the type argument to `Hashable` is a metavariable. This argument must be fully determined before Lean will try to resolve the typeclass.
[          ok] greatest-english-letter-in-upper-and-lower-case/sol_0.py
[          ok] greatest-sum-divisible-by-three/sol_0.py
[          ok] grid-game/sol_0.py
[          ok] grid-illumination/sol_0.py
[          ok] group-anagrams/sol_0.py
[          ok] group-shifted-strings/sol_0.py
[          ok] group-the-people-given-the-group-size-they-belong-to/sol_0.py
[          ok] groups-of-special-equivalent-strings/sol_0.py
[          ok] groups-of-strings/sol_0.py
[          ok] grumpy-bookstore-owner/sol_0.py
[          ok] guess-number-higher-or-lower-ii/sol_0.py
[          ok] h-index/sol_0.py
[          ok] h-index-ii/sol_0.py
[          ok] hamming-distance/sol_0.py
[          ok] hand-of-straights/sol_0.py
[compile_fail] handling-sum-queries-after-update/sol_0.py  -- Unknown constant `PastaLean.User.Root.SegmentTree.build`
[          ok] handshakes-that-dont-cross/sol_0.py
[          ok] happy-number/sol_0.py
[          ok] happy-students/sol_0.py
[          ok] harshad-number/sol_0.py
[          ok] heaters/sol_0.py
[          ok] height-checker/sol_0.py
[compile_fail] height-of-binary-tree-after-subtree-removal-queries/sol_0.py  -- failed to synthesize instance of type class | Hashable (Option TreeNode)
[          ok] height-of-special-binary-tree/sol_0.py
[          ok] hexspeak/sol_0.py
[          ok] high-access-employees/sol_0.py
[          ok] high-five/sol_0.py
[          ok] house-robber/sol_0.py
[          ok] house-robber-ii/sol_0.py
[          ok] house-robber-iii/sol_0.py
[          ok] house-robber-iv/sol_0.py
[          ok] how-many-apples-can-you-put-into-the-basket/sol_0.py
[          ok] how-many-numbers-are-smaller-than-the-current-number/sol_0.py
[          ok] html-entity-parser/sol_0.py
[          ok] image-overlap/sol_0.py
[          ok] image-smoother/sol_0.py
[          ok] increasing-decreasing-string/sol_0.py
[compile_fail] increasing-order-search-tree/sol_0.py  -- don't know how to synthesize implicit argument `α` | @none (?m.64 root prev✝) | context: | root prev✝ : Option TreeNode | p'_unpack_pair_2 : Option TreeNode × Option TreeNode := ⋯
[          ok] increasing-triplet-subsequence/sol_0.py
[          ok] increment-submatrices-by-one/sol_0.py
[          ok] incremental-memory-leak/sol_0.py
[          ok] index-pairs-of-a-string/sol_0.py
[          ok] insert-greatest-common-divisors-in-linked-list/sol_0.py
[          ok] insert-interval/sol_0.py
[          ok] insertion-sort-list/sol_0.py
[          ok] integer-break/sol_0.py
[          ok] integer-replacement/sol_0.py
[          ok] integer-to-english-words/sol_0.py
[          ok] integer-to-roman/sol_0.py
[          ok] interleaving-string/sol_0.py
[          ok] intersection-of-multiple-arrays/sol_0.py
[          ok] intersection-of-three-sorted-arrays/sol_0.py
[          ok] intersection-of-two-arrays/sol_0.py
[          ok] intersection-of-two-arrays-ii/sol_0.py
[          ok] intersection-of-two-linked-lists/sol_0.py
[compile_fail] interval-list-intersections/sol_0.py  -- Application type mismatch: The argument | p'_unpack_pair_1 | has type | List ℤ × List ℤ | but is expected to have type
[compile_fail] intervals-between-identical-elements/sol_0.py  -- failed to synthesize instance of type class | PyGetItem (collections.PyDefaultDict PyAny (List ℤ)) ℤ ?m.44
[compile_fail] invalid-transactions/sol_0.py  -- Application type mismatch: The argument | p'_unpack_pair_2 | has type | ℤ × ℤ | but is expected to have type
[          ok] ipo/sol_0.py
[          ok] is-array-a-preorder-of-some-binary-tree/sol_0.py
[          ok] is-graph-bipartite/sol_0.py
[          ok] is-subsequence/sol_0.py
[          ok] island-perimeter/sol_0.py
[          ok] isomorphic-strings/sol_0.py
[          ok] jewels-and-stones/sol_0.py
[          ok] jump-game/sol_0.py
[          ok] jump-game-ii/sol_0.py
[          ok] jump-game-iii/sol_0.py
[          ok] jump-game-iv/sol_0.py
[          ok] jump-game-v/sol_0.py
[          ok] jump-game-vi/sol_0.py
[          ok] jump-game-vii/sol_0.py
[          ok] jump-game-viii/sol_0.py
[          ok] k-closest-points-to-origin/sol_0.py
[          ok] k-concatenation-maximum-sum/sol_0.py
[          ok] k-diff-pairs-in-an-array/sol_0.py
[          ok] k-divisible-elements-subarrays/sol_0.py
[          ok] k-empty-slots/sol_0.py
[compile_fail] k-highest-ranked-items-within-a-price-range/sol_0.py  -- failed to synthesize instance of type class | PySlice (ℤ × ℤ × ℤ × ℤ)
[          ok] k-inverse-pairs-array/sol_0.py
[          ok] k-items-with-the-maximum-sum/sol_0.py
[          ok] k-radius-subarray-averages/sol_0.py
[          ok] k-similar-strings/sol_0.py
[          ok] k-th-smallest-in-lexicographical-order/sol_0.py
[          ok] k-th-smallest-prime-fraction/sol_0.py
[          ok] keep-multiplying-found-values-by-two/sol_0.py
[          ok] keyboard-row/sol_0.py
[          ok] keys-and-rooms/sol_0.py
[          ok] kids-with-the-greatest-number-of-candies/sol_0.py
[          ok] kill-process/sol_0.py
[          ok] knight-dialer/sol_0.py
[          ok] knight-probability-in-chessboard/sol_0.py
[          ok] koko-eating-bananas/sol_0.py
[          ok] kth-distinct-string-in-an-array/sol_0.py
[          ok] kth-largest-element-in-an-array/sol_0.py
[          ok] kth-largest-sum-in-a-binary-tree/sol_0.py
[          ok] kth-missing-positive-number/sol_0.py
[          ok] kth-smallest-amount-with-single-denomination-combination/sol_0.py
[          ok] kth-smallest-element-in-a-bst/sol_0.py
[          ok] kth-smallest-element-in-a-sorted-matrix/sol_0.py
[          ok] kth-smallest-instructions/sol_0.py
[          ok] kth-smallest-number-in-multiplication-table/sol_0.py
[compile_fail] kth-smallest-product-of-two-sorted-arrays/sol_0.py  -- overloaded, errors | Type mismatch | p /ₚ x | has type | ℚ
[          ok] kth-smallest-subarray-sum/sol_0.py
[          ok] largest-1-bordered-square/sol_0.py
[          ok] largest-3-same-digit-number-in-string/sol_0.py
[compile_fail] largest-bst-subtree/sol_0.py  -- Application type mismatch: The argument | ans | has type | ℤ × ℤ | but is expected to have type
[          ok] largest-color-value-in-a-directed-graph/sol_0.py
[          ok] largest-combination-with-bitwise-and-greater-than-zero/sol_0.py
[compile_fail] largest-component-size-by-common-factor/sol_0.py  -- Unknown constant `PastaLean.User.Root.UnionFind.find`
[          ok] largest-divisible-subset/sol_0.py
[          ok] largest-element-in-an-array-after-merge-operations/sol_0.py
[          ok] largest-local-values-in-a-matrix/sol_0.py
[          ok] largest-magic-square/sol_0.py
[          ok] largest-merge-of-two-strings/sol_0.py
[          ok] largest-multiple-of-three/sol_0.py
[          ok] largest-number/sol_0.py
[          ok] largest-number-after-digit-swaps-by-parity/sol_0.py
[          ok] largest-number-after-mutating-substring/sol_0.py
[          ok] largest-number-at-least-twice-of-others/sol_0.py
[          ok] largest-odd-number-in-string/sol_0.py
[          ok] largest-palindrome-product/sol_0.py
[          ok] largest-palindromic-number/sol_0.py
[          ok] largest-perimeter-triangle/sol_0.py
[          ok] largest-plus-sign/sol_0.py
[          ok] largest-positive-integer-that-exists-with-its-negative/sol_0.py
[          ok] largest-rectangle-in-histogram/sol_0.py
[          ok] largest-subarray-length-k/sol_0.py
[          ok] largest-submatrix-with-rearrangements/sol_0.py
[          ok] largest-substring-between-two-equal-characters/sol_0.py
[          ok] largest-sum-of-averages/sol_0.py
[          ok] largest-time-for-given-digits/sol_0.py
[          ok] largest-triangle-area/sol_0.py
[          ok] largest-unique-number/sol_0.py
[          ok] largest-values-from-labels/sol_0.py
[          ok] last-day-where-you-can-still-cross/sol_0.py
[          ok] last-moment-before-all-ants-fall-out-of-a-plank/sol_0.py
[          ok] last-stone-weight/sol_0.py
[          ok] last-stone-weight-ii/sol_0.py
[          ok] last-substring-in-lexicographical-order/sol_0.py
[          ok] last-visited-integers/sol_0.py
[          ok] latest-time-by-replacing-hidden-digits/sol_0.py
[          ok] latest-time-you-can-obtain-after-replacing-characters/sol_0.py
[          ok] leaf-similar-trees/sol_0.py
[          ok] least-number-of-unique-integers-after-k-removals/sol_0.py
[          ok] least-operators-to-express-number/sol_0.py
[          ok] left-and-right-sum-differences/sol_0.py
[          ok] lemonade-change/sol_0.py
[          ok] length-of-last-word/sol_0.py
[          ok] length-of-longest-fibonacci-subsequence/sol_0.py
[          ok] length-of-longest-subarray-with-at-most-k-frequency/sol_0.py
[          ok] length-of-the-longest-alphabetical-continuous-substring/sol_0.py
[          ok] length-of-the-longest-subsequence-that-sums-to-target/sol_0.py
[          ok] length-of-the-longest-valid-substring/sol_0.py
[          ok] letter-case-permutation/sol_0.py
[          ok] letter-combinations-of-a-phone-number/sol_0.py
[compile_fail] letter-tile-possibilities/sol_0.py  -- Unknown identifier `Counter`
[          ok] lexicographical-numbers/sol_0.py
[          ok] lexicographically-minimum-string-after-removing-stars/sol_0.py
[          ok] lexicographically-smallest-beautiful-string/sol_0.py
[compile_fail] lexicographically-smallest-equivalent-string/sol_0.py  -- failed to synthesize instance of type class | PyGetItem (List ℤ) PyAny ?m.13
[          ok] lexicographically-smallest-palindrome/sol_0.py
[          ok] lexicographically-smallest-string-after-a-swap/sol_0.py
[          ok] lexicographically-smallest-string-after-applying-operations/sol_0.py
[          ok] lexicographically-smallest-string-after-operations-with-constraint/sol_0.py
[          ok] lexicographically-smallest-string-after-substring-operation/sol_0.py
[          ok] license-key-formatting/sol_0.py
[          ok] line-reflection/sol_0.py
[          ok] linked-list-components/sol_0.py
[          ok] linked-list-cycle/sol_0.py
[          ok] linked-list-frequency/sol_0.py
[          ok] lonely-pixel-i/sol_0.py
[          ok] lonely-pixel-ii/sol_0.py
[          ok] long-pressed-name/sol_0.py
[          ok] longer-contiguous-segments-of-ones-than-zeros/sol_0.py
[          ok] longest-absolute-file-path/sol_0.py
[          ok] longest-alternating-subarray/sol_0.py
[          ok] longest-arithmetic-subsequence/sol_0.py
[          ok] longest-arithmetic-subsequence-of-given-difference/sol_0.py
[          ok] longest-binary-subsequence-less-than-or-equal-to-k/sol_0.py
[          ok] longest-chunked-palindrome-decomposition/sol_0.py
[          ok] longest-common-prefix/sol_0.py
[          ok] longest-common-subpath/sol_0.py
[          ok] longest-common-subsequence/sol_0.py
[          ok] longest-common-subsequence-between-sorted-arrays/sol_0.py
[          ok] longest-common-suffix-queries/sol_0.py
[          ok] longest-consecutive-sequence/sol_0.py
[          ok] longest-continuous-increasing-subsequence/sol_0.py
[          ok] longest-continuous-subarray-with-absolute-diff-less-than-or-equal-to-limit/sol_0.py
[          ok] longest-cycle-in-a-graph/sol_0.py
[          ok] longest-duplicate-substring/sol_0.py
[          ok] longest-even-odd-subarray-with-threshold/sol_0.py
[          ok] longest-happy-prefix/sol_0.py
[          ok] longest-happy-string/sol_0.py
[          ok] longest-harmonious-subsequence/sol_0.py
[          ok] longest-ideal-subsequence/sol_0.py
[          ok] longest-increasing-path-in-a-matrix/sol_0.py
[          ok] longest-increasing-subsequence/sol_0.py
[compile_fail] longest-increasing-subsequence-ii/sol_0.py  -- Unknown constant `PastaLean.User.Root.SegmentTree.build`
[          ok] longest-line-of-consecutive-one-in-matrix/sol_0.py
[          ok] longest-mountain-in-array/sol_0.py
[          ok] longest-nice-subarray/sol_0.py
[          ok] longest-nice-substring/sol_0.py
[          ok] longest-non-decreasing-subarray-from-two-arrays/sol_0.py
[          ok] longest-palindrome/sol_0.py
[          ok] longest-palindrome-by-concatenating-two-letter-words/sol_0.py
[          ok] longest-palindromic-subsequence/sol_0.py
[          ok] longest-palindromic-subsequence-ii/sol_0.py
[          ok] longest-palindromic-substring/sol_0.py
[          ok] longest-path-with-different-adjacent-characters/sol_0.py
[          ok] longest-repeating-character-replacement/sol_0.py
[          ok] longest-repeating-substring/sol_0.py
[          ok] longest-square-streak-in-an-array/sol_0.py
[          ok] longest-strictly-increasing-or-strictly-decreasing-subarray/sol_0.py
[          ok] longest-string-chain/sol_0.py
[          ok] longest-subarray-of-1s-after-deleting-one-element/sol_0.py
[          ok] longest-subarray-with-maximum-bitwise-and/sol_0.py
[          ok] longest-subsequence-repeated-k-times/sol_0.py
[          ok] longest-subsequence-with-limited-sum/sol_0.py
[          ok] longest-substring-of-all-vowels-in-order/sol_0.py
[compile_fail] longest-substring-of-one-repeating-character/sol_0.py  -- Unknown constant `PastaLean.User.Root.SegmentTree.build`
[          ok] longest-substring-with-at-least-k-repeating-characters/sol_0.py
[          ok] longest-substring-with-at-most-k-distinct-characters/sol_0.py
[          ok] longest-substring-with-at-most-two-distinct-characters/sol_0.py
[          ok] longest-substring-without-repeating-characters/sol_0.py
[          ok] longest-turbulent-subarray/sol_0.py
[          ok] longest-uncommon-subsequence-i/sol_0.py
[          ok] longest-uncommon-subsequence-ii/sol_0.py
[          ok] longest-unequal-adjacent-groups-subsequence-i/sol_0.py
[          ok] longest-unequal-adjacent-groups-subsequence-ii/sol_0.py
[          ok] longest-univalue-path/sol_0.py
[          ok] longest-valid-parentheses/sol_0.py
[          ok] longest-well-performing-interval/sol_0.py
[          ok] longest-word-in-dictionary/sol_0.py
[          ok] longest-word-in-dictionary-through-deleting/sol_0.py
[          ok] longest-word-with-all-prefixes/sol_0.py
[          ok] longest-zigzag-path-in-a-binary-tree/sol_0.py
[          ok] loud-and-rich/sol_0.py
[compile_fail] lowest-common-ancestor-of-a-binary-tree-ii/sol_0.py  -- failed to synthesize instance of type class | PyTruthy TreeNode
[compile_fail] lowest-common-ancestor-of-deepest-leaves/sol_0.py  -- Application type mismatch: The argument | root | has type | Option TreeNode'rn | but is expected to have type
[          ok] lucky-numbers-in-a-matrix/sol_0.py
[          ok] magic-squares-in-grid/sol_0.py
[          ok] magical-string/sol_0.py
[          ok] magnetic-force-between-two-balls/sol_0.py
[          ok] majority-element/sol_0.py
[          ok] majority-element-ii/sol_0.py
[          ok] make-a-square-with-the-same-color/sol_0.py
[          ok] make-array-empty/sol_0.py
[          ok] make-array-non-decreasing-or-non-increasing/sol_0.py
[compile_fail] make-array-strictly-increasing/sol_0.py  -- Type mismatch | [-inf] +ₚ arr1 +ₚ [inf] | has type | List ℚ | but is expected to have type
[          ok] make-array-zero-by-subtracting-equal-amounts/sol_0.py
[          ok] make-costs-of-paths-equal-in-a-binary-tree/sol_0.py
[          ok] make-k-subarray-sums-equal/sol_0.py
[          ok] make-lexicographically-smallest-array-by-swapping-elements/sol_0.py
[          ok] make-number-of-distinct-characters-equal/sol_0.py
[          ok] make-string-a-subsequence-using-cyclic-increments/sol_0.py
[          ok] make-string-anti-palindrome/sol_0.py
[          ok] make-sum-divisible-by-p/sol_0.py
[          ok] make-the-prefix-sum-non-negative/sol_0.py
[          ok] make-the-string-great/sol_0.py
[          ok] make-the-xor-of-all-segments-equal-to-zero/sol_0.py
[          ok] make-three-strings-equal/sol_0.py
[          ok] make-two-arrays-equal-by-reversing-subarrays/sol_0.py
[          ok] making-a-large-island/sol_0.py
[compile_fail] making-file-names-unique/sol_0.py  -- Application type mismatch: The argument | d | has type | collections.PyDefaultDict String ℤ | but is expected to have type
[          ok] map-of-highest-peak/sol_0.py
[          ok] mark-elements-on-array-by-performing-queries/sol_0.py
[          ok] masking-personal-information/sol_0.py
[          ok] match-alphanumerical-pattern-in-matrix-i/sol_0.py
[          ok] match-substring-after-replacement/sol_0.py
[          ok] matchsticks-to-square/sol_0.py
[          ok] matrix-block-sum/sol_0.py
[          ok] matrix-cells-in-distance-order/sol_0.py
[          ok] matrix-diagonal-sum/sol_0.py
[          ok] matrix-similarity-after-cyclic-shifts/sol_0.py
[          ok] max-area-of-island/sol_0.py
[          ok] max-chunks-to-make-sorted/sol_0.py
[          ok] max-chunks-to-make-sorted-ii/sol_0.py
[          ok] max-consecutive-ones/sol_0.py
[          ok] max-consecutive-ones-ii/sol_0.py
[          ok] max-consecutive-ones-iii/sol_0.py
[          ok] max-difference-you-can-get-from-changing-an-integer/sol_0.py
[          ok] max-dot-product-of-two-subsequences/sol_0.py
[          ok] max-increase-to-keep-city-skyline/sol_0.py
[          ok] max-number-of-k-sum-pairs/sol_0.py
[          ok] max-pair-sum-in-an-array/sol_0.py
[          ok] max-points-on-a-line/sol_0.py
[          ok] max-sum-of-a-pair-with-equal-sum-of-digits/sol_0.py
[          ok] max-value-of-equation/sol_0.py
[          ok] maximal-network-rank/sol_0.py
[          ok] maximal-range-that-each-element-is-maximum-in-it/sol_0.py
[          ok] maximal-score-after-applying-k-operations/sol_0.py
[          ok] maximal-square/sol_0.py
[          ok] maximize-area-of-square-hole-in-grid/sol_0.py
[          ok] maximize-consecutive-elements-in-an-array-after-modification/sol_0.py
[compile_fail] maximize-distance-to-closest-person/sol_0.py  -- failed to synthesize instance of type class | PyHSub ℤ (Option ℤ) ?m.74
[          ok] maximize-greatness-of-an-array/sol_0.py
[          ok] maximize-grid-happiness/sol_0.py
[          ok] maximize-happiness-of-selected-children/sol_0.py
[          ok] maximize-number-of-nice-divisors/sol_0.py
[          ok] maximize-number-of-subsequences-in-a-string/sol_0.py
[          ok] maximize-palindrome-length-from-subsequences/sol_0.py
[          ok] maximize-sum-of-array-after-k-negations/sol_0.py
[          ok] maximize-the-beauty-of-the-garden/sol_0.py
[          ok] maximize-the-confusion-of-an-exam/sol_0.py
[          ok] maximize-the-minimum-powered-city/sol_0.py
[          ok] maximize-the-number-of-partitions-after-operations/sol_0.py
[          ok] maximize-the-profit-as-the-salesman/sol_0.py
[          ok] maximize-the-topmost-element-after-k-moves/sol_0.py
[          ok] maximize-total-cost-of-alternating-subarrays/sol_0.py
[          ok] maximize-total-tastiness-of-purchased-fruits/sol_0.py
[          ok] maximize-value-of-function-in-a-ball-passing-game/sol_0.py
[          ok] maximize-win-from-two-segments/sol_0.py
[          ok] maximum-absolute-sum-of-any-subarray/sol_0.py
[          ok] maximum-alternating-subarray-sum/sol_0.py
[          ok] maximum-alternating-subsequence-sum/sol_0.py
[          ok] maximum-and-sum-of-array/sol_0.py
[          ok] maximum-area-of-a-piece-of-cake-after-horizontal-and-vertical-cuts/sol_0.py
[          ok] maximum-area-of-longest-diagonal-rectangle/sol_0.py
[          ok] maximum-array-hopping-score-i/sol_0.py
[          ok] maximum-array-hopping-score-ii/sol_0.py
[          ok] maximum-ascending-subarray-sum/sol_0.py
[          ok] maximum-average-pass-ratio/sol_0.py
[          ok] maximum-average-subarray-i/sol_0.py
[          ok] maximum-average-subarray-ii/sol_0.py
[compile_fail] maximum-average-subtree/sol_0.py  -- Application type mismatch: The argument | (0, 0) | has type | ℤ × ℤ | but is expected to have type
[          ok] maximum-bags-with-full-capacity-of-rocks/sol_0.py
[compile_fail] maximum-balanced-subsequence-sum/sol_0.py  -- Type mismatch | pyListRepeat [-inf] (n +ₚ 1) | has type | List ℚ | but is expected to have type
[          ok] maximum-beauty-of-an-array-after-applying-operation/sol_0.py
[          ok] maximum-binary-string-after-change/sol_0.py
[          ok] maximum-binary-tree/sol_0.py
[          ok] maximum-building-height/sol_0.py
[          ok] maximum-candies-allocated-to-k-children/sol_0.py
[          ok] maximum-candies-you-can-get-from-boxes/sol_0.py
[          ok] maximum-coins-heroes-can-collect/sol_0.py
[          ok] maximum-compatibility-score-sum/sol_0.py
[          ok] maximum-consecutive-floors-without-special-floors/sol_0.py
[          ok] maximum-cost-of-trip-with-k-highways/sol_0.py
[          ok] maximum-count-of-positive-integer-and-negative-integer/sol_0.py
[          ok] maximum-deletions-on-a-string/sol_0.py
[          ok] maximum-difference-between-increasing-elements/sol_0.py
[          ok] maximum-difference-between-node-and-ancestor/sol_0.py
[          ok] maximum-difference-by-remapping-a-digit/sol_0.py
[          ok] maximum-difference-score-in-a-grid/sol_0.py
[          ok] maximum-distance-between-a-pair-of-values/sol_0.py
[          ok] maximum-distance-in-arrays/sol_0.py
[          ok] maximum-earnings-from-taxi/sol_0.py
[          ok] maximum-elegance-of-a-k-length-subsequence/sol_0.py
[          ok] maximum-element-after-decreasing-and-rearranging/sol_0.py
[          ok] maximum-element-sum-of-a-complete-subset-of-indices/sol_0.py
[          ok] maximum-employees-to-be-invited-to-a-meeting/sol_0.py
[          ok] maximum-enemy-forts-that-can-be-captured/sol_0.py
[          ok] maximum-equal-frequency/sol_0.py
[          ok] maximum-erasure-value/sol_0.py
[          ok] maximum-fruits-harvested-after-at-most-k-steps/sol_0.py
[compile_fail] maximum-gap/sol_0.py  -- Application type mismatch: The argument | p'_pair_1 | has type | Array ℤ | but is expected to have type
[          ok] maximum-gcd-sum-of-a-subarray/sol_0.py
[compile_fail] maximum-genetic-difference-query/sol_0.py  -- invalid reassignment, value has type | Option TrieNode | but is expected to have type | TrieNode
[          ok] maximum-good-people-based-on-statements/sol_0.py
[          ok] maximum-good-subarray-sum/sol_0.py
[          ok] maximum-hamming-distances/sol_0.py
[          ok] maximum-height-by-stacking-cuboids/sol_0.py
[          ok] maximum-height-of-a-triangle/sol_0.py
[          ok] maximum-ice-cream-bars/sol_0.py
[          ok] maximum-increasing-triplet-value/sol_0.py
[          ok] maximum-length-of-a-concatenated-string-with-unique-characters/sol_0.py
[          ok] maximum-length-of-pair-chain/sol_0.py
[          ok] maximum-length-of-repeated-subarray/sol_0.py
[          ok] maximum-length-of-semi-decreasing-subarrays/sol_0.py
[          ok] maximum-length-of-subarray-with-positive-product/sol_0.py
[          ok] maximum-length-substring-with-two-occurrences/sol_0.py
[          ok] maximum-level-sum-of-a-binary-tree/sol_0.py
[          ok] maximum-linear-stock-score/sol_0.py
[          ok] maximum-matching-of-players-with-trainers/sol_0.py
[          ok] maximum-matrix-sum/sol_0.py
[          ok] maximum-nesting-depth-of-the-parentheses/sol_0.py
[          ok] maximum-nesting-depth-of-two-valid-parentheses-strings/sol_0.py
[compile_fail] maximum-non-negative-product-in-a-matrix/sol_0.py  -- failed to synthesize instance of type class | PySetItem (Array (Array ℤ)) ℤ (List ℤ)
[          ok] maximum-number-of-accepted-invitations/sol_0.py
[          ok] maximum-number-of-achievable-transfer-requests/sol_0.py
[          ok] maximum-number-of-alloys/sol_0.py
[          ok] maximum-number-of-balloons/sol_0.py
[          ok] maximum-number-of-balls-in-a-box/sol_0.py
[          ok] maximum-number-of-books-you-can-take/sol_0.py
[          ok] maximum-number-of-coins-you-can-get/sol_0.py
[          ok] maximum-number-of-consecutive-values-you-can-make/sol_0.py
[compile_fail] maximum-number-of-darts-inside-of-a-circular-dartboard/sol_0.py  -- Application type mismatch: The argument | (x1, y1) | has type | ℤ × ℤ | but is expected to have type
[          ok] maximum-number-of-eaten-apples/sol_0.py
[          ok] maximum-number-of-events-that-can-be-attended/sol_0.py
[          ok] maximum-number-of-events-that-can-be-attended-ii/sol_0.py
[          ok] maximum-number-of-fish-in-a-grid/sol_0.py
[          ok] maximum-number-of-groups-entering-a-competition/sol_0.py
[          ok] maximum-number-of-groups-getting-fresh-donuts/sol_0.py
[          ok] maximum-number-of-groups-with-increasing-length/sol_0.py
[          ok] maximum-number-of-integers-to-choose-from-a-range-i/sol_0.py
[          ok] maximum-number-of-integers-to-choose-from-a-range-ii/sol_0.py
[          ok] maximum-number-of-intersections-on-the-chart/sol_0.py
[          ok] maximum-number-of-jumps-to-reach-the-last-index/sol_0.py
[          ok] maximum-number-of-k-divisible-components/sol_0.py
[          ok] maximum-number-of-moves-in-a-grid/sol_0.py
[          ok] maximum-number-of-non-overlapping-palindrome-substrings/sol_0.py
[          ok] maximum-number-of-non-overlapping-subarrays-with-sum-equals-target/sol_0.py
[compile_fail] maximum-number-of-non-overlapping-substrings/sol_0.py  -- Invalid field notation: Type of | rhs | is not known; cannot resolve field `right`
[          ok] maximum-number-of-occurrences-of-a-substring/sol_0.py
[          ok] maximum-number-of-ones/sol_0.py
[          ok] maximum-number-of-operations-to-move-ones-to-the-end/sol_0.py
[          ok] maximum-number-of-operations-with-the-same-score-i/sol_0.py
[          ok] maximum-number-of-operations-with-the-same-score-ii/sol_0.py
[          ok] maximum-number-of-pairs-in-array/sol_0.py
[          ok] maximum-number-of-people-that-can-be-caught-in-tag/sol_0.py
[          ok] maximum-number-of-points-from-grid-queries/sol_0.py
[          ok] maximum-number-of-points-with-cost/sol_0.py
[          ok] maximum-number-of-potholes-that-can-be-fixed/sol_0.py
[          ok] maximum-number-of-removable-characters/sol_0.py
[          ok] maximum-number-of-removal-queries-that-can-be-processed-i/sol_0.py
[          ok] maximum-number-of-robots-within-budget/sol_0.py
[          ok] maximum-number-of-tasks-you-can-assign/sol_0.py
[          ok] maximum-number-of-upgradable-servers/sol_0.py
[compile_fail] maximum-number-of-visible-points/sol_0.py  -- Application type mismatch: The argument | pyIter v | has type | List Float | but is expected to have type
[          ok] maximum-number-of-vowels-in-a-substring-of-given-length/sol_0.py
[          ok] maximum-number-of-ways-to-partition-an-array/sol_0.py
[          ok] maximum-number-of-weeks-for-which-you-can-work/sol_0.py
[          ok] maximum-number-of-words-found-in-sentences/sol_0.py
[          ok] maximum-number-of-words-you-can-type/sol_0.py
[          ok] maximum-number-that-makes-result-of-bitwise-and-zero/sol_0.py
[          ok] maximum-odd-binary-number/sol_0.py
[          ok] maximum-of-absolute-value-expression/sol_0.py
[          ok] maximum-of-minimum-values-in-all-subarrays/sol_0.py
[          ok] maximum-or/sol_0.py
[          ok] maximum-palindromes-after-operations/sol_0.py
[          ok] maximum-path-quality-of-a-graph/sol_0.py
[          ok] maximum-performance-of-a-team/sol_0.py
[          ok] maximum-points-after-collecting-coins-from-all-nodes/sol_0.py
[          ok] maximum-points-after-enemy-battles/sol_0.py
[          ok] maximum-points-in-an-archery-competition/sol_0.py
[          ok] maximum-points-inside-the-square/sol_0.py
[          ok] maximum-points-you-can-obtain-from-cards/sol_0.py
[          ok] maximum-population-year/sol_0.py
[          ok] maximum-price-to-fill-a-bag/sol_0.py
[          ok] maximum-prime-difference/sol_0.py
[          ok] maximum-product-after-k-increments/sol_0.py
[          ok] maximum-product-difference-between-two-pairs/sol_0.py
[compile_fail] maximum-product-of-splitted-binary-tree/sol_0.py  -- Type mismatch | s | has type | Option TreeNode | but is expected to have type
[          ok] maximum-product-of-the-length-of-two-palindromic-subsequences/sol_0.py
[          ok] maximum-product-of-the-length-of-two-palindromic-substrings/sol_0.py
[          ok] maximum-product-of-three-numbers/sol_0.py
[          ok] maximum-product-of-two-elements-in-an-array/sol_0.py
[          ok] maximum-product-of-word-lengths/sol_0.py
[          ok] maximum-product-subarray/sol_0.py
[          ok] maximum-profit-from-trading-stocks/sol_0.py
[          ok] maximum-profit-in-job-scheduling/sol_0.py
[          ok] maximum-profit-of-operating-a-centennial-wheel/sol_0.py
[          ok] maximum-profitable-triplets-with-increasing-prices-i/sol_0.py
[          ok] maximum-profitable-triplets-with-increasing-prices-ii/sol_0.py
[          ok] maximum-repeating-substring/sol_0.py
[          ok] maximum-rows-covered-by-columns/sol_0.py
[          ok] maximum-running-time-of-n-computers/sol_0.py
[compile_fail] maximum-score-after-applying-operations-on-a-tree/sol_0.py  -- Type mismatch | -1 | has type | ℤ | but is expected to have type
[          ok] maximum-score-after-splitting-a-string/sol_0.py
[          ok] maximum-score-from-grid-operations/sol_0.py
[          ok] maximum-score-from-performing-multiplication-operations/sol_0.py
[          ok] maximum-score-from-removing-stones/sol_0.py
[          ok] maximum-score-from-removing-substrings/sol_0.py
[          ok] maximum-score-of-a-good-subarray/sol_0.py
[          ok] maximum-score-of-a-node-sequence/sol_0.py
[          ok] maximum-score-of-spliced-array/sol_0.py
[          ok] maximum-score-words-formed-by-letters/sol_0.py
[          ok] maximum-segment-sum-after-removals/sol_0.py
[          ok] maximum-side-length-of-a-square-with-sum-less-than-or-equal-to-threshold/sol_0.py
[          ok] maximum-size-of-a-set-after-removals/sol_0.py
[          ok] maximum-size-subarray-sum-equals-k/sol_0.py
[          ok] maximum-spending-after-buying-items/sol_0.py
[          ok] maximum-split-of-positive-even-integers/sol_0.py
[          ok] maximum-square-area-by-removing-fences-from-a-field/sol_0.py
[          ok] maximum-star-sum-of-a-graph/sol_0.py
[          ok] maximum-strength-of-a-group/sol_0.py
[          ok] maximum-strength-of-k-disjoint-subarrays/sol_0.py
[          ok] maximum-strictly-increasing-cells-in-a-matrix/sol_0.py
[          ok] maximum-strong-pair-xor-i/sol_0.py
[          ok] maximum-strong-pair-xor-ii/sol_0.py
[          ok] maximum-students-taking-exam/sol_0.py
[          ok] maximum-subarray/sol_0.py
[          ok] maximum-subarray-min-product/sol_0.py
[          ok] maximum-subarray-sum-after-one-operation/sol_0.py
[          ok] maximum-subarray-sum-with-one-deletion/sol_0.py
[          ok] maximum-subsequence-score/sol_0.py
[          ok] maximum-subtree-of-the-same-color/sol_0.py
[compile_fail] maximum-sum-bst-in-binary-tree/sol_0.py  -- Type mismatch | _maxSumBST'dfs (root.getD default).right ans | has type | (ℤ × ℚ × ℚ × ℤ) × ℤ | but is expected to have type
[          ok] maximum-sum-circular-subarray/sol_0.py
[          ok] maximum-sum-obtained-of-any-permutation/sol_0.py
[compile_fail] maximum-sum-of-3-non-overlapping-subarrays/sol_0.py  -- Application type mismatch: The argument | idx12'v2 | has type | PyAny | but is expected to have type
[          ok] maximum-sum-of-almost-unique-subarray/sol_0.py
[          ok] maximum-sum-of-an-hourglass/sol_0.py
[          ok] maximum-sum-of-distinct-subarrays-with-length-k/sol_0.py
[compile_fail] maximum-sum-of-subsequence-with-non-adjacent-elements/sol_0.py  -- Unknown constant `PastaLean.User.Root.SegmentTree.build`
[          ok] maximum-sum-of-two-non-overlapping-subarrays/sol_0.py
[          ok] maximum-sum-queries/sol_0.py
[          ok] maximum-sum-score-of-array/sol_0.py
[          ok] maximum-sum-with-exactly-k-elements/sol_0.py
[          ok] maximum-swap/sol_0.py
[          ok] maximum-tastiness-of-candy-basket/sol_0.py
[          ok] maximum-total-beauty-of-the-gardens/sol_0.py
[compile_fail] maximum-total-damage-with-spell-casting/sol_0.py  -- typeclass instance problem is stuck | PyGetItem ?m.72 ℤ ℤ | Note: Lean will not try to resolve this typeclass instance problem because the first type argument to `PyGetItem` is a metavariable. This argument must be fully determined before Lean will try to resolve the typeclass.
[          ok] maximum-total-importance-of-roads/sol_0.py
[          ok] maximum-total-reward-using-operations-i/sol_0.py
[          ok] maximum-total-reward-using-operations-ii/sol_0.py
[          ok] maximum-trailing-zeros-in-a-cornered-path/sol_0.py
[          ok] maximum-twin-sum-of-a-linked-list/sol_0.py
[          ok] maximum-units-on-a-truck/sol_0.py
[          ok] maximum-vacation-days/sol_0.py
[          ok] maximum-value-after-insertion/sol_0.py
[          ok] maximum-value-at-a-given-index-in-a-bounded-array/sol_0.py
[          ok] maximum-value-of-a-string-in-an-array/sol_0.py
[          ok] maximum-value-of-an-ordered-triplet-i/sol_0.py
[          ok] maximum-value-of-an-ordered-triplet-ii/sol_0.py
[          ok] maximum-value-of-k-coins-from-piles/sol_0.py
[          ok] maximum-white-tiles-covered-by-a-carpet/sol_0.py
[compile_fail] maximum-width-of-binary-tree/sol_0.py  -- failed to synthesize instance of type class | PyIterable (List (Option TreeNode'rn × ℤ)) (Option TreeNode × ℤ)
[          ok] maximum-width-ramp/sol_0.py
[          ok] maximum-xor-after-operations/sol_0.py
[          ok] maximum-xor-for-each-query/sol_0.py
[          ok] maximum-xor-of-two-non-overlapping-subtrees/sol_0.py
[          ok] maximum-xor-of-two-numbers-in-an-array/sol_0.py
[          ok] maximum-xor-product/sol_0.py
[          ok] maximum-xor-with-an-element-from-array/sol_0.py
[          ok] mean-of-array-after-removing-some-elements/sol_0.py
[          ok] median-of-a-row-wise-sorted-matrix/sol_0.py
[          ok] median-of-two-sorted-arrays/sol_0.py
[          ok] meeting-rooms/sol_0.py
[          ok] meeting-rooms-ii/sol_0.py
[          ok] meeting-rooms-iii/sol_0.py
[          ok] meeting-scheduler/sol_0.py
[          ok] merge-in-between-linked-lists/sol_0.py
[          ok] merge-intervals/sol_0.py
[compile_fail] merge-k-sorted-lists/sol_0.py  -- Unknown identifier `setattr`
[          ok] merge-nodes-in-between-zeros/sol_0.py
[          ok] merge-operations-to-turn-array-into-a-palindrome/sol_0.py
[          ok] merge-similar-items/sol_0.py
[          ok] merge-sorted-array/sol_0.py
[compile_fail] merge-strings-alternately/sol_0.py  -- Application type mismatch: The argument | word1 | has type | String | but is expected to have type
[          ok] merge-triplets-to-form-target-triplet/sol_0.py
[          ok] merge-two-2d-arrays-by-summing-values/sol_0.py
[          ok] mice-and-cheese/sol_0.py
[          ok] middle-of-the-linked-list/sol_0.py
[          ok] min-cost-climbing-stairs/sol_0.py
[          ok] min-cost-to-connect-all-points/sol_0.py
[          ok] min-max-game/sol_0.py
[          ok] minesweeper/sol_0.py
[          ok] minimize-deviation-in-array/sol_0.py
[compile_fail] minimize-hamming-distance-after-swap-operations/sol_0.py  -- failed to synthesize instance of type class | PyModifyItem (collections.PyDefaultDict ℤ (List ℤ)) ℤ ?m.149
[compile_fail] minimize-length-of-array-using-operations/sol_0.py  -- Application type mismatch: The argument | x %ₚ mi | has type | ℤ | but is expected to have type
[          ok] minimize-malware-spread/sol_0.py
[          ok] minimize-malware-spread-ii/sol_0.py
[          ok] minimize-manhattan-distances/sol_0.py
[          ok] minimize-max-distance-to-gas-station/sol_0.py
[          ok] minimize-maximum-of-array/sol_0.py
[          ok] minimize-maximum-pair-sum-in-array/sol_0.py
[          ok] minimize-maximum-value-in-a-grid/sol_0.py
[          ok] minimize-or-of-remaining-elements-using-operations/sol_0.py
[          ok] minimize-product-sum-of-two-arrays/sol_0.py
[          ok] minimize-result-by-adding-parentheses-to-expression/sol_0.py
[compile_fail] minimize-rounding-error-to-meet-target/sol_0.py  -- Application type mismatch: The argument | d | has type | PyAny | but is expected to have type
[          ok] minimize-string-length/sol_0.py
[          ok] minimize-the-difference-between-target-and-chosen-elements/sol_0.py
[          ok] minimize-the-maximum-difference-of-pairs/sol_0.py
[          ok] minimize-the-maximum-of-two-arrays/sol_0.py
[compile_fail] minimize-the-total-price-of-the-trips/sol_0.py  -- Invalid match expression: The type of pattern variable 'cnt' contains metavariables: | ?m.224
[          ok] minimize-xor/sol_0.py
[          ok] minimized-maximum-of-products-distributed-to-any-store/sol_0.py
[          ok] minimizing-array-after-replacing-pairs-with-their-product/sol_0.py
[          ok] minimum-absolute-difference/sol_0.py
[          ok] minimum-absolute-difference-between-elements-with-constraint/sol_0.py
[          ok] minimum-absolute-difference-in-bst/sol_0.py
[          ok] minimum-absolute-difference-queries/sol_0.py
[          ok] minimum-absolute-sum-difference/sol_0.py
[          ok] minimum-add-to-make-parentheses-valid/sol_0.py
[          ok] minimum-addition-to-make-integer-beautiful/sol_0.py
[          ok] minimum-additions-to-make-valid-string/sol_0.py
[          ok] minimum-adjacent-swaps-for-k-consecutive-ones/sol_0.py
[          ok] minimum-adjacent-swaps-to-make-a-valid-array/sol_0.py
[          ok] minimum-adjacent-swaps-to-reach-the-kth-smallest-number/sol_0.py
[          ok] minimum-amount-of-time-to-collect-garbage/sol_0.py
[          ok] minimum-amount-of-time-to-fill-cups/sol_0.py
[          ok] minimum-area-rectangle/sol_0.py
[compile_fail] minimum-area-rectangle-ii/sol_0.py  -- failed to synthesize instance of type class | PyNonFinite ℝ
[          ok] minimum-array-changes-to-make-differences-equal/sol_0.py
[          ok] minimum-array-end/sol_0.py
[          ok] minimum-array-length-after-pair-removals/sol_0.py
[          ok] minimum-ascii-delete-sum-for-two-strings/sol_0.py
[          ok] minimum-average-difference/sol_0.py
[          ok] minimum-average-of-smallest-and-largest-elements/sol_0.py
[          ok] minimum-bit-flips-to-convert-number/sol_0.py
[          ok] minimum-changes-to-make-alternating-binary-string/sol_0.py
[          ok] minimum-changes-to-make-k-semi-palindromes/sol_0.py
[          ok] minimum-common-value/sol_0.py
[          ok] minimum-consecutive-cards-to-pick-up/sol_0.py
[          ok] minimum-cost-for-cutting-cake-i/sol_0.py
[          ok] minimum-cost-for-cutting-cake-ii/sol_0.py
[          ok] minimum-cost-for-tickets/sol_0.py
[          ok] minimum-cost-homecoming-of-a-robot-in-a-grid/sol_0.py
[compile_fail] minimum-cost-of-a-path-with-special-roads/sol_0.py  -- Application type mismatch: The argument | target | has type | List ℤ | but is expected to have type
[          ok] minimum-cost-of-buying-candies-with-discount/sol_0.py
[          ok] minimum-cost-to-buy-apples/sol_0.py
[          ok] minimum-cost-to-change-the-final-value-of-expression/sol_0.py
[          ok] minimum-cost-to-connect-sticks/sol_0.py
[          ok] minimum-cost-to-connect-two-groups-of-points/sol_0.py
[compile_fail] minimum-cost-to-convert-string-i/sol_0.py  -- Application type mismatch: The argument | p'_pair_1 | has type | String × String × ℤ | but is expected to have type
[compile_fail] minimum-cost-to-convert-string-ii/sol_0.py  -- Application type mismatch: The argument | p'_unpack_pair_1 | has type | ℤ × ℤ | but is expected to have type
[          ok] minimum-cost-to-cut-a-stick/sol_0.py
[          ok] minimum-cost-to-equalize-array/sol_0.py
[          ok] minimum-cost-to-hire-k-workers/sol_0.py
[          ok] minimum-cost-to-make-all-characters-equal/sol_0.py
[          ok] minimum-cost-to-make-array-equal/sol_0.py
[compile_fail] minimum-cost-to-make-array-equalindromic/sol_0.py  -- don't know how to synthesize implicit argument `α` | @List.nil ?m.3 | context: | ⊢ Type u_1
[          ok] minimum-cost-to-make-at-least-one-valid-path-in-a-grid/sol_0.py
[          ok] minimum-cost-to-merge-stones/sol_0.py
[          ok] minimum-cost-to-move-chips-to-the-same-position/sol_0.py
[          ok] minimum-cost-to-reach-city-with-discounts/sol_0.py
[          ok] minimum-cost-to-reach-destination-in-time/sol_0.py
[          ok] minimum-cost-to-separate-sentence-into-rows/sol_0.py
[          ok] minimum-cost-to-set-cooking-time/sol_0.py
[          ok] minimum-cost-to-split-an-array/sol_0.py
[          ok] minimum-cost-tree-from-leaf-values/sol_0.py
[compile_fail] minimum-cost-walk-in-weighted-graph/sol_0.py  -- Type mismatch | uf.find u | has type | ℤ × UnionFind | but is expected to have type
[          ok] minimum-costs-using-the-train-line/sol_0.py
[          ok] minimum-cuts-to-divide-a-circle/sol_0.py
[          ok] minimum-degree-of-a-connected-trio-in-a-graph/sol_0.py
[          ok] minimum-deletions-to-make-array-beautiful/sol_0.py
[          ok] minimum-deletions-to-make-array-divisible/sol_0.py
[          ok] minimum-deletions-to-make-character-frequencies-unique/sol_0.py
[          ok] minimum-deletions-to-make-string-balanced/sol_0.py
[          ok] minimum-deletions-to-make-string-k-special/sol_0.py
[          ok] minimum-difference-between-highest-and-lowest-of-k-scores/sol_0.py
[          ok] minimum-difference-between-largest-and-smallest-value-in-three-moves/sol_0.py
[          ok] minimum-difference-in-sums-after-removal-of-elements/sol_0.py
[          ok] minimum-difficulty-of-a-job-schedule/sol_0.py
[          ok] minimum-distance-between-bst-nodes/sol_0.py
[          ok] minimum-distance-to-the-target-element/sol_0.py
[          ok] minimum-distance-to-type-a-word-using-two-fingers/sol_0.py
[compile_fail] minimum-domino-rotations-for-equal-row/sol_0.py  -- Type mismatch | pyMin [_minDominoRotations'f tops⦋0⦌ tops bottoms, _minDominoRotations'f bottoms⦋0⦌ tops bottoms] | has type | ℚ | but is expected to have type
[          ok] minimum-edge-reversals-so-every-node-is-reachable/sol_0.py
[compile_fail] minimum-edge-weight-equilibrium-queries-in-a-tree/sol_0.py  -- failed to synthesize instance of type class | PySlice (Option (List ℤ))
[          ok] minimum-elements-to-add-to-form-a-given-sum/sol_0.py
[          ok] minimum-factorization/sol_0.py
[          ok] minimum-falling-path-sum/sol_0.py
[          ok] minimum-falling-path-sum-ii/sol_0.py
[          ok] minimum-flips-to-make-a-or-b-equal-to-c/sol_0.py
[          ok] minimum-fuel-cost-to-report-to-the-capital/sol_0.py
[          ok] minimum-garden-perimeter-to-collect-enough-apples/sol_0.py
[          ok] minimum-genetic-mutation/sol_0.py
[          ok] minimum-health-to-beat-game/sol_0.py
[          ok] minimum-height-trees/sol_0.py
[          ok] minimum-hours-of-training-to-win-a-competition/sol_0.py
[          ok] minimum-impossible-or/sol_0.py
[          ok] minimum-incompatibility/sol_0.py
[          ok] minimum-increment-operations-to-make-array-beautiful/sol_0.py
[          ok] minimum-increment-to-make-array-unique/sol_0.py
[compile_fail] minimum-index-of-a-valid-split/sol_0.py  -- Application type mismatch: The argument | p'_unpack_pair_1 | has type | ℤ × ℤ | but is expected to have type
[          ok] minimum-index-sum-of-two-lists/sol_0.py
[          ok] minimum-initial-energy-to-finish-tasks/sol_0.py
[          ok] minimum-insertion-steps-to-make-a-string-palindrome/sol_0.py
[          ok] minimum-insertions-to-balance-a-parentheses-string/sol_0.py
[          ok] minimum-interval-to-include-each-query/sol_0.py
[          ok] minimum-jumps-to-reach-home/sol_0.py
[          ok] minimum-knight-moves/sol_0.py
[          ok] minimum-length-of-anagram-concatenation/sol_0.py
[          ok] minimum-length-of-string-after-deleting-similar-ends/sol_0.py
[          ok] minimum-length-of-string-after-operations/sol_0.py
[          ok] minimum-levels-to-gain-more-points/sol_0.py
[          ok] minimum-limit-of-balls-in-a-bag/sol_0.py
[          ok] minimum-lines-to-represent-a-line-chart/sol_0.py
[          ok] minimum-money-required-before-transactions/sol_0.py
[          ok] minimum-moves-to-capture-the-queen/sol_0.py
[          ok] minimum-moves-to-convert-string/sol_0.py
[          ok] minimum-moves-to-equal-array-elements/sol_0.py
[          ok] minimum-moves-to-equal-array-elements-ii/sol_0.py
[          ok] minimum-moves-to-get-a-peaceful-board/sol_0.py
[compile_fail] minimum-moves-to-make-array-complementary/sol_0.py  -- Application type mismatch: The argument | d | has type | Array ℤ | but is expected to have type
[          ok] minimum-moves-to-move-a-box-to-their-target-location/sol_0.py
[compile_fail] minimum-moves-to-pick-k-ones/sol_0.py  -- must be last element in a `do` sequence
[          ok] minimum-moves-to-reach-target-with-rotations/sol_0.py
[          ok] minimum-moves-to-spread-stones-over-grid/sol_0.py
[          ok] minimum-number-game/sol_0.py
[          ok] minimum-number-of-arrows-to-burst-balloons/sol_0.py
[          ok] minimum-number-of-chairs-in-a-waiting-room/sol_0.py
[          ok] minimum-number-of-changes-to-make-binary-string-beautiful/sol_0.py
[          ok] minimum-number-of-coins-for-fruits/sol_0.py
[          ok] minimum-number-of-coins-for-fruits-ii/sol_0.py
[          ok] minimum-number-of-coins-to-be-added/sol_0.py
[          ok] minimum-number-of-days-to-eat-n-oranges/sol_0.py
[          ok] minimum-number-of-days-to-make-m-bouquets/sol_0.py
[          ok] minimum-number-of-flips-to-convert-binary-matrix-to-zero-matrix/sol_0.py
[          ok] minimum-number-of-flips-to-make-binary-grid-palindromic-i/sol_0.py
[          ok] minimum-number-of-flips-to-make-binary-grid-palindromic-ii/sol_0.py
[          ok] minimum-number-of-flips-to-make-the-binary-string-alternating/sol_0.py
[          ok] minimum-number-of-food-buckets-to-feed-the-hamsters/sol_0.py
[compile_fail] minimum-number-of-frogs-croaking/sol_0.py  -- Application type mismatch: The argument | idx.get | has type | (a : String) → a ∈ idx → ℤ | but is expected to have type
[          ok] minimum-number-of-increasing-subsequence-to-be-removed/sol_0.py
[          ok] minimum-number-of-increments-on-subarrays-to-form-a-target-array/sol_0.py
[          ok] minimum-number-of-k-consecutive-bit-flips/sol_0.py
[          ok] minimum-number-of-keypresses/sol_0.py
[          ok] minimum-number-of-lines-to-cover-points/sol_0.py
[          ok] minimum-number-of-moves-to-make-palindrome/sol_0.py
[          ok] minimum-number-of-moves-to-seat-everyone/sol_0.py
[          ok] minimum-number-of-operations-to-convert-time/sol_0.py
[          ok] minimum-number-of-operations-to-make-all-array-elements-equal-to-1/sol_0.py
[          ok] minimum-number-of-operations-to-make-array-continuous/sol_0.py
[          ok] minimum-number-of-operations-to-make-array-empty/sol_0.py
[          ok] minimum-number-of-operations-to-make-array-xor-equal-to-k/sol_0.py
[          ok] minimum-number-of-operations-to-make-arrays-similar/sol_0.py
[          ok] minimum-number-of-operations-to-make-word-k-periodic/sol_0.py
[          ok] minimum-number-of-operations-to-make-x-and-y-equal/sol_0.py
[          ok] minimum-number-of-operations-to-move-all-balls-to-each-box/sol_0.py
[          ok] minimum-number-of-operations-to-reinitialize-a-permutation/sol_0.py
[          ok] minimum-number-of-operations-to-satisfy-conditions/sol_0.py
[          ok] minimum-number-of-operations-to-sort-a-binary-tree-by-level/sol_0.py
[          ok] minimum-number-of-people-to-teach/sol_0.py
[          ok] minimum-number-of-pushes-to-type-word-i/sol_0.py
[          ok] minimum-number-of-pushes-to-type-word-ii/sol_0.py
[          ok] minimum-number-of-refueling-stops/sol_0.py
[          ok] minimum-number-of-removals-to-make-mountain-array/sol_0.py
[          ok] minimum-number-of-steps-to-make-two-strings-anagram/sol_0.py
[          ok] minimum-number-of-steps-to-make-two-strings-anagram-ii/sol_0.py
[          ok] minimum-number-of-swaps-to-make-the-binary-string-alternating/sol_0.py
[          ok] minimum-number-of-swaps-to-make-the-string-balanced/sol_0.py
[          ok] minimum-number-of-taps-to-open-to-water-a-garden/sol_0.py
[          ok] minimum-number-of-vertices-to-reach-all-nodes/sol_0.py
[          ok] minimum-number-of-visited-cells-in-a-grid/sol_0.py
[          ok] minimum-number-of-work-sessions-to-finish-the-tasks/sol_0.py
[          ok] minimum-numbers-of-function-calls-to-make-target-array/sol_0.py
[          ok] minimum-obstacle-removal-to-reach-corner/sol_0.py
[          ok] minimum-one-bit-operations-to-make-integers-zero/sol_0.py
[          ok] minimum-operations-to-collect-elements/sol_0.py
[          ok] minimum-operations-to-convert-number/sol_0.py
[          ok] minimum-operations-to-exceed-threshold-value-i/sol_0.py
[          ok] minimum-operations-to-exceed-threshold-value-ii/sol_0.py
[          ok] minimum-operations-to-form-subsequence-with-target-sum/sol_0.py
[          ok] minimum-operations-to-halve-array-sum/sol_0.py
[          ok] minimum-operations-to-make-a-special-number/sol_0.py
[          ok] minimum-operations-to-make-a-subsequence/sol_0.py
[          ok] minimum-operations-to-make-a-uni-value-grid/sol_0.py
[          ok] minimum-operations-to-make-all-array-elements-equal/sol_0.py
[          ok] minimum-operations-to-make-array-equal/sol_0.py
[          ok] minimum-operations-to-make-array-equal-ii/sol_0.py
[          ok] minimum-operations-to-make-array-equal-to-target/sol_0.py
[          ok] minimum-operations-to-make-binary-array-elements-equal-to-one-i/sol_0.py
[          ok] minimum-operations-to-make-binary-array-elements-equal-to-one-ii/sol_0.py
[          ok] minimum-operations-to-make-median-of-array-equal-to-k/sol_0.py
[          ok] minimum-operations-to-make-numbers-non-positive/sol_0.py
[          ok] minimum-operations-to-make-the-array-alternating/sol_0.py
[          ok] minimum-operations-to-make-the-array-increasing/sol_0.py
[          ok] minimum-operations-to-make-the-array-k-increasing/sol_0.py
[          ok] minimum-operations-to-make-the-integer-zero/sol_0.py
[          ok] minimum-operations-to-maximize-last-elements-in-arrays/sol_0.py
[          ok] minimum-operations-to-reduce-an-integer-to-0/sol_0.py
[          ok] minimum-operations-to-reduce-x-to-zero/sol_0.py
[          ok] minimum-operations-to-remove-adjacent-ones-in-matrix/sol_0.py
[          ok] minimum-operations-to-write-the-letter-y-on-a-grid/sol_0.py
[          ok] minimum-path-cost-in-a-grid/sol_0.py
[          ok] minimum-path-sum/sol_0.py
[          ok] minimum-penalty-for-a-shop/sol_0.py
[compile_fail] minimum-possible-integer-after-at-most-k-adjacent-swaps-on-digits/sol_0.py  -- failed to synthesize instance of type class | PyGetItem (collections.PyDefaultDict PyAny (List ℤ)) ℤ ?m.47
[          ok] minimum-processing-time/sol_0.py
[          ok] minimum-recolors-to-get-k-consecutive-black-blocks/sol_0.py
[          ok] minimum-rectangles-to-cover-points/sol_0.py
[          ok] minimum-relative-loss-after-buying-chocolates/sol_0.py
[          ok] minimum-remove-to-make-valid-parentheses/sol_0.py
[          ok] minimum-replacements-to-sort-the-array/sol_0.py
[          ok] minimum-right-shifts-to-sort-the-array/sol_0.py
[          ok] minimum-rounds-to-complete-all-tasks/sol_0.py
[compile_fail] minimum-score-after-removals-on-a-tree/sol_0.py  -- Invalid match expression: The type of pattern variable 's1' contains metavariables: | ?m.308
[          ok] minimum-score-by-changing-two-elements/sol_0.py
[          ok] minimum-score-of-a-path-between-two-cities/sol_0.py
[compile_fail] minimum-score-triangulation-of-polygon/sol_0.py  -- must be last element in a `do` sequence
[          ok] minimum-seconds-to-equalize-a-circular-array/sol_0.py
[          ok] minimum-sideway-jumps/sol_0.py
[          ok] minimum-size-subarray-in-infinite-array/sol_0.py
[          ok] minimum-size-subarray-sum/sol_0.py
[          ok] minimum-skips-to-arrive-at-meeting-on-time/sol_0.py
[          ok] minimum-space-wasted-from-packaging/sol_0.py
[          ok] minimum-speed-to-arrive-on-time/sol_0.py
[          ok] minimum-split-into-subarrays-with-gcd-greater-than-one/sol_0.py
[          ok] minimum-string-length-after-removing-substrings/sol_0.py
[          ok] minimum-subarrays-in-a-valid-split/sol_0.py
[          ok] minimum-subsequence-in-non-increasing-order/sol_0.py
[          ok] minimum-substring-partition-of-equal-character-frequency/sol_0.py
[          ok] minimum-suffix-flips/sol_0.py
[          ok] minimum-sum-of-four-digit-number-after-splitting-digits/sol_0.py
[          ok] minimum-sum-of-mountain-triplets-i/sol_0.py
[          ok] minimum-sum-of-mountain-triplets-ii/sol_0.py
[          ok] minimum-sum-of-squared-difference/sol_0.py
[          ok] minimum-sum-of-values-by-dividing-array/sol_0.py
[          ok] minimum-swaps-to-arrange-a-binary-grid/sol_0.py
[          ok] minimum-swaps-to-group-all-1s-together/sol_0.py
[          ok] minimum-swaps-to-group-all-1s-together-ii/sol_0.py
[          ok] minimum-swaps-to-make-sequences-increasing/sol_0.py
[          ok] minimum-swaps-to-make-strings-equal/sol_0.py
[          ok] minimum-time-difference/sol_0.py
[          ok] minimum-time-for-k-virus-variants-to-spread/sol_0.py
[          ok] minimum-time-takes-to-reach-destination-without-drowning/sol_0.py
[          ok] minimum-time-to-build-blocks/sol_0.py
[          ok] minimum-time-to-complete-all-tasks/sol_0.py
[          ok] minimum-time-to-complete-trips/sol_0.py
[          ok] minimum-time-to-eat-all-grains/sol_0.py
[compile_fail] minimum-time-to-finish-the-race/sol_0.py  -- failed to synthesize instance of type class | PySetItem PyAny ℤ ℤ
[          ok] minimum-time-to-kill-all-monsters/sol_0.py
[          ok] minimum-time-to-make-array-sum-at-most-x/sol_0.py
[          ok] minimum-time-to-make-rope-colorful/sol_0.py
[          ok] minimum-time-to-remove-all-cars-containing-illegal-goods/sol_0.py
[          ok] minimum-time-to-repair-cars/sol_0.py
[          ok] minimum-time-to-revert-word-to-initial-state-i/sol_0.py
[          ok] minimum-time-to-revert-word-to-initial-state-ii/sol_0.py
[          ok] minimum-time-to-type-word-using-special-typewriter/sol_0.py
[          ok] minimum-time-to-visit-a-cell-in-a-grid/sol_0.py
[          ok] minimum-time-to-visit-disappearing-nodes/sol_0.py
[          ok] minimum-time-visiting-all-points/sol_0.py
[          ok] minimum-total-cost-to-make-arrays-unequal/sol_0.py
[          ok] minimum-total-distance-traveled/sol_0.py
[          ok] minimum-total-space-wasted-with-k-resizing-operations/sol_0.py
[compile_fail] minimum-unique-word-abbreviation/sol_0.py  -- Application type mismatch: The argument | abbr | has type | PyAny | but is expected to have type
[          ok] minimum-value-to-get-positive-step-by-step-sum/sol_0.py
[compile_fail] minimum-weighted-subgraph-with-the-required-paths/sol_0.py  -- failed to synthesize instance of type class | PySetItem (List ℤ) PyAny ℤ
[          ok] minimum-white-tiles-after-covering-with-carpets/sol_0.py
[          ok] minimum-window-subsequence/sol_0.py
[          ok] minimum-window-substring/sol_0.py
[          ok] minimum-xor-sum-of-two-arrays/sol_0.py
[          ok] mirror-reflection/sol_0.py
[          ok] missing-element-in-sorted-array/sol_0.py
[          ok] missing-number/sol_0.py
[          ok] missing-number-in-arithmetic-progression/sol_0.py
[          ok] missing-ranges/sol_0.py
[          ok] modify-graph-edge-weights/sol_0.py
[          ok] modify-the-matrix/sol_0.py
[          ok] monotone-increasing-digits/sol_0.py
[          ok] monotonic-array/sol_0.py
[          ok] most-beautiful-item-for-each-query/sol_0.py
[          ok] most-expensive-item-that-can-not-be-bought/sol_0.py
[          ok] most-frequent-even-element/sol_0.py
[compile_fail] most-frequent-ids/sol_0.py  -- failed to synthesize instance of type class | GetElem? (collections.PyDefaultDict ℤ ℤ) ℤ ?m.134 ?m.135
[          ok] most-frequent-number-following-key-in-an-array/sol_0.py
[          ok] most-frequent-prime/sol_0.py
[compile_fail] most-frequent-subtree-sum/sol_0.py  -- typeclass instance problem is stuck | PyGetItem ?m.135 ℤ ℤ | Note: Lean will not try to resolve this typeclass instance problem because the first type argument to `PyGetItem` is a metavariable. This argument must be fully determined before Lean will try to resolve the typeclass.
[          ok] most-popular-video-creator/sol_0.py
[          ok] most-profit-assigning-work/sol_0.py
[compile_fail] most-profitable-path-in-a-tree/sol_0.py  -- Application type mismatch: The argument | p'_ret_1 | has type | Bool × List ℤ | but is expected to have type
[          ok] most-stones-removed-with-same-row-or-column/sol_0.py
[          ok] most-visited-sector-in-a-circular-track/sol_0.py
[          ok] move-pieces-to-obtain-a-string/sol_0.py
[          ok] move-zeroes/sol_0.py
[          ok] movement-of-robots/sol_0.py
[          ok] moving-stones-until-consecutive/sol_0.py
[          ok] moving-stones-until-consecutive-ii/sol_0.py
[          ok] multiply-strings/sol_0.py
[          ok] n-queens/sol_0.py
[          ok] n-queens-ii/sol_0.py
[          ok] n-repeated-element-in-size-2n-array/sol_0.py
[          ok] n-th-tribonacci-number/sol_0.py
[          ok] naming-a-company/sol_0.py
[          ok] nearest-exit-from-entrance-in-maze/sol_0.py
[          ok] neighboring-bitwise-xor/sol_0.py
[          ok] neither-minimum-nor-maximum/sol_0.py
[          ok] network-delay-time/sol_0.py
[          ok] new-21-game/sol_0.py
[          ok] next-closest-time/sol_0.py
[          ok] next-greater-element-i/sol_0.py
[          ok] next-greater-element-ii/sol_0.py
[          ok] next-greater-element-iii/sol_0.py
[          ok] next-greater-element-iv/sol_0.py
[          ok] next-greater-node-in-linked-list/sol_0.py
[          ok] next-greater-numerically-balanced-number/sol_0.py
[          ok] next-palindrome-using-same-digits/sol_0.py
[          ok] next-permutation/sol_0.py
[          ok] nim-game/sol_0.py
[          ok] node-with-highest-edge-score/sol_0.py
[          ok] non-decreasing-array/sol_0.py
[          ok] non-decreasing-subsequences/sol_0.py
[          ok] non-negative-integers-without-consecutive-ones/sol_0.py
[          ok] non-overlapping-intervals/sol_0.py
[          ok] nth-digit/sol_0.py
[          ok] nth-magical-number/sol_0.py
[          ok] number-complement/sol_0.py
[          ok] number-of-1-bits/sol_0.py
[          ok] number-of-adjacent-elements-with-the-same-color/sol_0.py
[          ok] number-of-arithmetic-triplets/sol_0.py
[compile_fail] number-of-atoms/sol_0.py  -- Type mismatch | collections.pyDefaultDictInt | has type | collections.PyDefaultDict ?m.6 ℤ | but is expected to have type
[          ok] number-of-beautiful-integers-in-the-range/sol_0.py
[          ok] number-of-beautiful-pairs/sol_0.py
[          ok] number-of-beautiful-partitions/sol_0.py
[          ok] number-of-bit-changes-to-make-two-integers-equal/sol_0.py
[          ok] number-of-black-blocks/sol_0.py
[compile_fail] number-of-boomerangs/sol_0.py  -- failed to synthesize instance of type class | Hashable Float
[          ok] number-of-burgers-with-no-waste-of-ingredients/sol_0.py
[          ok] number-of-changing-keys/sol_0.py
[          ok] number-of-closed-islands/sol_0.py
[          ok] number-of-common-factors/sol_0.py
[          ok] number-of-connected-components-in-an-undirected-graph/sol_0.py
[          ok] number-of-corner-rectangles/sol_0.py
[          ok] number-of-days-between-two-dates/sol_0.py
[          ok] number-of-days-in-a-month/sol_0.py
[          ok] number-of-dice-rolls-with-target-sum/sol_0.py
[          ok] number-of-different-integers-in-a-string/sol_0.py
[          ok] number-of-different-subsequences-gcds/sol_0.py
[          ok] number-of-digit-one/sol_0.py
[          ok] number-of-distinct-averages/sol_0.py
[          ok] number-of-distinct-binary-strings-after-applying-operations/sol_0.py
[          ok] number-of-distinct-islands/sol_0.py
[compile_fail] number-of-distinct-islands-ii/sol_0.py  -- Application type mismatch: The argument | p'_pair_1 | has type | PyAny | but is expected to have type
[          ok] number-of-distinct-roll-sequences/sol_0.py
[          ok] number-of-distinct-substrings-in-a-string/sol_0.py
[compile_fail] number-of-divisible-substrings/sol_0.py  -- failed to synthesize instance of type class | PySetItem (Std.HashMap PyAny ℤ) String ℤ
[          ok] number-of-divisible-triplet-sums/sol_0.py
[          ok] number-of-employees-who-met-the-target/sol_0.py
[          ok] number-of-enclaves/sol_0.py
[          ok] number-of-equal-count-substrings/sol_0.py
[          ok] number-of-equivalent-domino-pairs/sol_0.py
[          ok] number-of-even-and-odd-bits/sol_0.py
[          ok] number-of-excellent-pairs/sol_0.py
[          ok] number-of-flowers-in-full-bloom/sol_0.py
[          ok] number-of-good-binary-strings/sol_0.py
[          ok] number-of-good-pairs/sol_0.py
[compile_fail] number-of-good-paths/sol_0.py  -- failed to synthesize instance of type class | PyModifyItem (collections.PyDefaultDict ℤ (List ℤ)) ℤ ?m.118
[          ok] number-of-good-ways-to-split-a-string/sol_0.py
[          ok] number-of-great-partitions/sol_0.py
[          ok] number-of-increasing-paths-in-a-grid/sol_0.py
[          ok] number-of-islands/sol_0.py
[          ok] number-of-islands-ii/sol_0.py
[          ok] number-of-laser-beams-in-a-bank/sol_0.py
[          ok] number-of-lines-to-write-string/sol_0.py
[          ok] number-of-longest-increasing-subsequence/sol_0.py
[          ok] number-of-matching-subsequences/sol_0.py
[          ok] number-of-music-playlists/sol_0.py
[          ok] number-of-nodes-in-the-sub-tree-with-the-same-label/sol_0.py
[          ok] number-of-nodes-with-value-one/sol_0.py
[          ok] number-of-operations-to-make-network-connected/sol_0.py
[          ok] number-of-orders-in-the-backlog/sol_0.py
[          ok] number-of-pairs-of-interchangeable-rectangles/sol_0.py
[          ok] number-of-pairs-of-strings-with-concatenation-equal-to-target/sol_0.py
[          ok] number-of-pairs-satisfying-inequality/sol_0.py
[          ok] number-of-paths-with-max-score/sol_0.py
[          ok] number-of-people-aware-of-a-secret/sol_0.py
[compile_fail] number-of-people-that-can-be-seen-in-a-grid/sol_0.py  -- Type mismatch | _seePeople'f row | has type | List PyAny | but is expected to have type
[          ok] number-of-possible-sets-of-closing-branches/sol_0.py
[          ok] number-of-provinces/sol_0.py
[          ok] number-of-rectangles-that-can-form-the-largest-square/sol_0.py
[          ok] number-of-restricted-paths-from-first-to-last-node/sol_0.py
[          ok] number-of-same-end-substrings/sol_0.py
[          ok] number-of-segments-in-a-string/sol_0.py
[          ok] number-of-self-divisible-permutations/sol_0.py
[          ok] number-of-senior-citizens/sol_0.py
[          ok] number-of-sets-of-k-non-overlapping-line-segments/sol_0.py
[          ok] number-of-single-divisor-triplets/sol_0.py
[          ok] number-of-smooth-descent-periods-of-a-stock/sol_0.py
[          ok] number-of-spaces-cleaning-robot-cleaned/sol_0.py
[          ok] number-of-squareful-arrays/sol_0.py
[          ok] number-of-steps-to-reduce-a-number-in-binary-representation-to-one/sol_0.py
[          ok] number-of-steps-to-reduce-a-number-to-zero/sol_0.py
[          ok] number-of-strings-that-appear-as-substrings-in-word/sol_0.py
[          ok] number-of-strings-which-can-be-rearranged-to-contain-substring/sol_0.py
[          ok] number-of-students-doing-homework-at-a-given-time/sol_0.py
[          ok] number-of-students-unable-to-eat-lunch/sol_0.py
[          ok] number-of-sub-arrays-of-size-k-and-average-greater-than-or-equal-to-threshold/sol_0.py
[          ok] number-of-sub-arrays-with-odd-sum/sol_0.py
[          ok] number-of-subarrays-having-even-product/sol_0.py
[          ok] number-of-subarrays-that-match-a-pattern-i/sol_0.py
[          ok] number-of-subarrays-that-match-a-pattern-ii/sol_0.py
[          ok] number-of-subarrays-with-and-value-of-k/sol_0.py
[          ok] number-of-subarrays-with-bounded-maximum/sol_0.py
[          ok] number-of-subarrays-with-gcd-equal-to-k/sol_0.py
[          ok] number-of-subarrays-with-lcm-equal-to-k/sol_0.py
[          ok] number-of-submatrices-that-sum-to-target/sol_0.py
[          ok] number-of-subsequences-that-satisfy-the-given-sum-condition/sol_0.py
[          ok] number-of-substrings-containing-all-three-characters/sol_0.py
[          ok] number-of-substrings-with-fixed-ratio/sol_0.py
[          ok] number-of-substrings-with-only-1s/sol_0.py
[          ok] number-of-times-binary-string-is-prefix-aligned/sol_0.py
[          ok] number-of-unequal-triplets-in-array/sol_0.py
[     skipped] number-of-unique-categories/sol_0.py  -- interactive judge API
[          ok] number-of-unique-flavors-after-sharing-k-candies/sol_0.py
[          ok] number-of-unique-good-subsequences/sol_0.py
[          ok] number-of-valid-clock-times/sol_0.py
[          ok] number-of-valid-move-combinations-on-chessboard/sol_0.py
[          ok] number-of-valid-subarrays/sol_0.py
[          ok] number-of-valid-words-for-each-puzzle/sol_0.py
[          ok] number-of-valid-words-in-a-sentence/sol_0.py
[          ok] number-of-visible-people-in-a-queue/sol_0.py
[          ok] number-of-ways-of-cutting-a-pizza/sol_0.py
[          ok] number-of-ways-to-arrive-at-destination/sol_0.py
[          ok] number-of-ways-to-build-house-of-cards/sol_0.py
[          ok] number-of-ways-to-build-sturdy-brick-wall/sol_0.py
[          ok] number-of-ways-to-buy-pens-and-pencils/sol_0.py
[          ok] number-of-ways-to-divide-a-long-corridor/sol_0.py
[          ok] number-of-ways-to-earn-points/sol_0.py
[          ok] number-of-ways-to-form-a-target-string-given-a-dictionary/sol_0.py
[          ok] number-of-ways-to-paint-n-3-grid/sol_0.py
[          ok] number-of-ways-to-reach-a-position-after-exactly-k-steps/sol_0.py
[          ok] number-of-ways-to-reach-destination-in-the-grid/sol_0.py
[          ok] number-of-ways-to-rearrange-sticks-with-k-sticks-visible/sol_0.py
[          ok] number-of-ways-to-reconstruct-a-tree/sol_0.py
[          ok] number-of-ways-to-reorder-array-to-get-same-bst/sol_0.py
[          ok] number-of-ways-to-select-buildings/sol_0.py
[          ok] number-of-ways-to-separate-numbers/sol_0.py
[          ok] number-of-ways-to-split-a-string/sol_0.py
[          ok] number-of-ways-to-split-array/sol_0.py
[          ok] number-of-ways-to-stay-in-the-same-place-after-some-steps/sol_0.py
[          ok] number-of-ways-to-wear-different-hats-to-each-other/sol_0.py
[compile_fail] number-of-ways-where-square-of-number-is-equal-to-product-of-two-numbers/sol_0.py  -- Application type mismatch: The argument | cnt | has type | collections.PyDefaultDict ℤ ℤ | but is expected to have type
[          ok] number-of-wonderful-substrings/sol_0.py
[          ok] number-of-zero-filled-subarrays/sol_0.py
[          ok] numbers-at-most-n-given-digit-set/sol_0.py
[          ok] numbers-with-repeated-digits/sol_0.py
[          ok] numbers-with-same-consecutive-differences/sol_0.py
[          ok] occurrences-after-bigram/sol_0.py
[          ok] odd-even-jump/sol_0.py
[          ok] odd-even-linked-list/sol_0.py
[          ok] odd-string-difference/sol_0.py
[          ok] ones-and-zeroes/sol_0.py
[compile_fail] open-the-lock/sol_0.py  -- failed to synthesize instance of type class | PySetItem (List PyAny) ℤ String
[compile_fail] optimal-account-balancing/sol_0.py  -- failed to synthesize instance of type class | PyGetItem (collections.PyDefaultDict PyAny ℤ) ℤ ?m.51
[          ok] optimal-division/sol_0.py
[          ok] optimal-partition-of-string/sol_0.py
[          ok] optimize-water-distribution-in-a-village/sol_0.py
[          ok] orderly-queue/sol_0.py
[          ok] out-of-boundary-paths/sol_0.py
[          ok] output-contest-matches/sol_0.py
[          ok] pacific-atlantic-water-flow/sol_0.py
[          ok] paint-fence/sol_0.py
[          ok] paint-house/sol_0.py
[          ok] paint-house-ii/sol_0.py
[          ok] paint-house-iii/sol_0.py
[          ok] painting-a-grid-with-three-different-colors/sol_0.py
[          ok] painting-the-walls/sol_0.py
[          ok] pairs-of-songs-with-total-durations-divisible-by-60/sol_0.py
[          ok] palindrome-linked-list/sol_0.py
[          ok] palindrome-number/sol_0.py
[          ok] palindrome-pairs/sol_0.py
[          ok] palindrome-partitioning/sol_0.py
[          ok] palindrome-partitioning-ii/sol_0.py
[          ok] palindrome-partitioning-iii/sol_0.py
[          ok] palindrome-partitioning-iv/sol_0.py
[          ok] palindrome-permutation/sol_0.py
[          ok] palindrome-permutation-ii/sol_0.py
[          ok] palindrome-rearrangement-queries/sol_0.py
[          ok] palindrome-removal/sol_0.py
[          ok] palindromic-substrings/sol_0.py
[          ok] pancake-sorting/sol_0.py
[          ok] parallel-courses/sol_0.py
[          ok] parallel-courses-ii/sol_0.py
[          ok] parallel-courses-iii/sol_0.py
[compile_fail] parse-lisp-expression/sol_0.py  -- Invalid match expression: The type of pattern variable 'scope' contains metavariables: | ?m.863
[          ok] parsing-a-boolean-expression/sol_0.py
[          ok] partition-array-according-to-given-pivot/sol_0.py
[          ok] partition-array-for-maximum-sum/sol_0.py
[          ok] partition-array-into-disjoint-intervals/sol_0.py
[          ok] partition-array-into-three-parts-with-equal-sum/sol_0.py
[          ok] partition-array-into-two-arrays-to-minimize-sum-difference/sol_0.py
[          ok] partition-array-such-that-maximum-difference-is-k/sol_0.py
[          ok] partition-equal-subset-sum/sol_0.py
[          ok] partition-labels/sol_0.py
[          ok] partition-list/sol_0.py
[          ok] partition-string-into-minimum-beautiful-substrings/sol_0.py
[          ok] partition-string-into-substrings-with-values-at-most-k/sol_0.py
[          ok] partition-to-k-equal-sum-subsets/sol_0.py
[          ok] partitioning-into-minimum-number-of-deci-binary-numbers/sol_0.py
[          ok] pascals-triangle/sol_0.py
[          ok] pascals-triangle-ii/sol_0.py
[          ok] pass-the-pillow/sol_0.py
[          ok] patching-array/sol_0.py
[          ok] path-crossing/sol_0.py
[          ok] path-in-zigzag-labelled-binary-tree/sol_0.py
[          ok] path-sum/sol_0.py
[          ok] path-sum-ii/sol_0.py
[compile_fail] path-sum-iii/sol_0.py  -- Application type mismatch: The argument | p'_ret_1 | has type | ℤ × collections.PyDefaultDict ℤ ℤ | but is expected to have type
[          ok] path-sum-iv/sol_0.py
[          ok] path-with-maximum-gold/sol_0.py
[          ok] path-with-maximum-minimum-value/sol_0.py
[compile_fail] path-with-maximum-probability/sol_0.py  -- Type mismatch | -t | has type | ℚ | but is expected to have type
[compile_fail] path-with-minimum-effort/sol_0.py  -- Type mismatch | self.find a | has type | ℤ × UnionFind | but is expected to have type
[          ok] paths-in-matrix-whose-sum-is-divisible-by-k/sol_0.py
[          ok] paths-in-maze-that-lead-to-same-room/sol_0.py
[          ok] peak-index-in-a-mountain-array/sol_0.py
[          ok] peaks-in-array/sol_0.py
[          ok] people-whose-list-of-favorite-companies-is-not-a-subset-of-another-list/sol_0.py
[          ok] percentage-of-letter-in-string/sol_0.py
[          ok] perfect-number/sol_0.py
[          ok] perfect-rectangle/sol_0.py
[          ok] perfect-squares/sol_0.py
[          ok] perform-string-shifts/sol_0.py
[          ok] permutation-difference-between-two-strings/sol_0.py
[          ok] permutation-in-string/sol_0.py
[          ok] permutation-sequence/sol_0.py
[          ok] permutations/sol_0.py
[          ok] permutations-ii/sol_0.py
[          ok] pizza-with-3n-slices/sol_0.py
[          ok] plates-between-candles/sol_0.py
[          ok] plus-one/sol_0.py
[compile_fail] plus-one-linked-list/sol_0.py  -- Application type mismatch: The argument | dummy.next | has type | Option ListNode | but is expected to have type
[          ok] points-that-intersect-with-cars/sol_0.py
[          ok] poor-pigs/sol_0.py
[          ok] positions-of-large-groups/sol_0.py
[compile_fail] possible-bipartition/sol_0.py  -- Application type mismatch: The argument | p'_ret_1 | has type | Bool × List ℤ | but is expected to have type
[          ok] pour-water/sol_0.py
[          ok] pour-water-between-buckets-to-make-water-levels-equal/sol_0.py
[          ok] power-of-four/sol_0.py
[          ok] power-of-heroes/sol_0.py
[          ok] power-of-three/sol_0.py
[          ok] power-of-two/sol_0.py
[          ok] powerful-integers/sol_0.py
[          ok] powx-n/sol_0.py
[          ok] predict-the-winner/sol_0.py
[          ok] preimage-size-of-factorial-zeroes-function/sol_0.py
[          ok] previous-permutation-with-one-swap/sol_0.py
[          ok] prime-arrangements/sol_0.py
[          ok] prime-in-diagonal/sol_0.py
[          ok] prime-number-of-set-bits-in-binary-representation/sol_0.py
[          ok] prime-pairs-with-target-sum/sol_0.py
[          ok] prime-palindrome/sol_0.py
[          ok] prime-subtraction-operation/sol_0.py
[          ok] print-binary-tree/sol_0.py
[          ok] print-words-vertically/sol_0.py
[compile_fail] prison-cells-after-n-days/sol_0.py  -- Unknown identifier `firstDayCells`
[compile_fail] probability-of-a-two-boxes-having-the-same-number-of-distinct-balls/sol_0.py  -- Type mismatch | _getProbability'dfs (i +ₚ 1) (j -ₚ x) (diff +ₚ y) balls k | has type | ℚ | but is expected to have type
[          ok] process-restricted-friend-requests/sol_0.py
[          ok] process-tasks-using-servers/sol_0.py
[          ok] product-of-array-except-self/sol_0.py
[          ok] product-of-two-run-length-encoded-arrays/sol_0.py
[          ok] profitable-schemes/sol_0.py
[          ok] projection-area-of-3d-shapes/sol_0.py
[          ok] push-dominoes/sol_0.py
[          ok] put-boxes-into-the-warehouse-i/sol_0.py
[          ok] put-boxes-into-the-warehouse-ii/sol_0.py
[          ok] put-marbles-in-bags/sol_0.py
[compile_fail] pyramid-transition-matrix/sol_0.py  -- Application type mismatch: The argument | p'_pair_1 | has type | String | but is expected to have type
[          ok] queens-that-can-attack-the-king/sol_0.py
[          ok] queries-on-a-permutation-with-key/sol_0.py
[          ok] queries-on-number-of-points-inside-a-circle/sol_0.py
[          ok] query-kth-smallest-trimmed-number/sol_0.py
[          ok] queue-reconstruction-by-height/sol_0.py
[          ok] rabbits-in-forest/sol_0.py
[          ok] race-car/sol_0.py
[          ok] range-addition/sol_0.py
[          ok] range-addition-ii/sol_0.py
[          ok] range-product-queries-of-powers/sol_0.py
[          ok] range-sum-of-bst/sol_0.py
[          ok] range-sum-of-sorted-subarray-sums/sol_0.py
[compile_fail] rank-teams-by-votes/sol_0.py  -- failed to synthesize instance of type class | PyModifyItem (collections.PyDefaultDict String (List ℤ)) String ?m.86
[          ok] rank-transform-of-a-matrix/sol_0.py
[          ok] rank-transform-of-an-array/sol_0.py
[          ok] ransom-note/sol_0.py
[          ok] reach-a-number/sol_0.py
[compile_fail] reachable-nodes-in-subdivided-graph/sol_0.py  -- Type mismatch | [0] +ₚ pyListRepeat [inf] n | has type | List ℚ | but is expected to have type
[compile_fail] reachable-nodes-with-restrictions/sol_0.py  -- Type mismatch | _reachableNodes'dfs j g vis | has type | ℤ × List ℤ | but is expected to have type
[          ok] reaching-points/sol_0.py
[          ok] rearrange-array-elements-by-sign/sol_0.py
[          ok] rearrange-array-to-maximize-prefix-score/sol_0.py
[          ok] rearrange-characters-to-make-target-string/sol_0.py
[          ok] rearrange-spaces-between-words/sol_0.py
[          ok] rearrange-string-k-distance-apart/sol_0.py
[          ok] rearrange-words-in-a-sentence/sol_0.py
[          ok] rearranging-fruits/sol_0.py
[          ok] reconstruct-a-2-row-binary-matrix/sol_0.py
[          ok] reconstruct-itinerary/sol_0.py
[          ok] reconstruct-original-digits-from-english/sol_0.py
[compile_fail] recover-a-tree-from-preorder-traversal/sol_0.py  -- Application type mismatch: The argument | p'_ret_1 | has type | TreeNode × ℤ | but is expected to have type
[compile_fail] recover-binary-search-tree/sol_0.py  -- failed to synthesize instance of type class | PyTruthy Unit
[          ok] recover-the-original-array/sol_0.py
[          ok] rectangle-area/sol_0.py
[compile_fail] rectangle-area-ii/sol_0.py  -- Type mismatch | nums | has type | List PyAny | but is expected to have type
[          ok] rectangle-overlap/sol_0.py
[          ok] redistribute-characters-to-make-all-strings-equal/sol_0.py
[          ok] reduce-array-size-to-the-half/sol_0.py
[          ok] reducing-dishes/sol_0.py
[          ok] reduction-operations-to-make-the-array-elements-equal/sol_0.py
[          ok] redundant-connection/sol_0.py
[          ok] redundant-connection-ii/sol_0.py
[          ok] reformat-date/sol_0.py
[          ok] reformat-phone-number/sol_0.py
[          ok] reformat-the-string/sol_0.py
[          ok] regions-cut-by-slashes/sol_0.py
[          ok] regular-expression-matching/sol_0.py
[          ok] relative-ranks/sol_0.py
[          ok] relative-sort-array/sol_0.py
[          ok] relocate-marbles/sol_0.py
[          ok] remove-9/sol_0.py
[          ok] remove-adjacent-almost-equal-characters/sol_0.py
[          ok] remove-all-adjacent-duplicates-in-string/sol_0.py
[          ok] remove-all-adjacent-duplicates-in-string-ii/sol_0.py
[compile_fail] remove-all-occurrences-of-a-substring/sol_0.py  -- Function expected at | pyStringReplace s part "" | but this term has type | String | Note: Expected a function because this term is being applied to the argument
[          ok] remove-all-ones-with-row-and-column-flips/sol_0.py
[          ok] remove-all-ones-with-row-and-column-flips-ii/sol_0.py
[          ok] remove-boxes/sol_0.py
[          ok] remove-colored-pieces-if-both-neighbors-are-the-same-color/sol_0.py
[          ok] remove-comments/sol_0.py
[          ok] remove-covered-intervals/sol_0.py
[          ok] remove-digit-from-number-to-maximize-result/sol_0.py
[          ok] remove-duplicate-letters/sol_0.py
[compile_fail] remove-duplicates-from-an-unsorted-linked-list/sol_0.py  -- Application type mismatch: The argument | none | has type | Option ?m.3 | but is expected to have type
[          ok] remove-duplicates-from-sorted-array/sol_0.py
[          ok] remove-duplicates-from-sorted-array-ii/sol_0.py
[          ok] remove-duplicates-from-sorted-list/sol_0.py
[          ok] remove-duplicates-from-sorted-list-ii/sol_0.py
[          ok] remove-element/sol_0.py
[          ok] remove-interval/sol_0.py
[          ok] remove-k-digits/sol_0.py
[          ok] remove-letter-to-equalize-frequency/sol_0.py
[compile_fail] remove-linked-list-elements/sol_0.py  -- Application type mismatch: The argument | none | has type | Option ?m.3 | but is expected to have type
[          ok] remove-max-number-of-edges-to-keep-graph-fully-traversable/sol_0.py
[          ok] remove-nodes-from-linked-list/sol_0.py
[          ok] remove-nth-node-from-end-of-list/sol_0.py
[          ok] remove-one-element-to-make-the-array-strictly-increasing/sol_0.py
[          ok] remove-outermost-parentheses/sol_0.py
[          ok] remove-palindromic-subsequences/sol_0.py
[          ok] remove-stones-to-minimize-the-total/sol_0.py
[          ok] remove-sub-folders-from-the-filesystem/sol_0.py
[          ok] remove-trailing-zeros-from-a-string/sol_0.py
[          ok] remove-vowels-from-a-string/sol_0.py
[compile_fail] remove-zero-sum-consecutive-nodes-from-linked-list/sol_0.py  -- failed to synthesize instance of type class | PySetItem (Std.HashMap ℤ (Option ListNode)) ℤ (Option ListNode'rn)
[          ok] removing-minimum-and-maximum-from-array/sol_0.py
[          ok] removing-minimum-number-of-magic-beans/sol_0.py
[          ok] removing-stars-from-a-string/sol_0.py
[compile_fail] reorder-data-in-log-files/sol_0.py  -- Function expected at | pyStringSplit log " " | but this term has type | List String | Note: Expected a function because this term is being applied to the argument
[          ok] reorder-list/sol_0.py
[          ok] reorder-routes-to-make-all-paths-lead-to-the-city-zero/sol_0.py
[          ok] reordered-power-of-2/sol_0.py
[          ok] reorganize-string/sol_0.py
[          ok] repeated-dna-sequences/sol_0.py
[          ok] repeated-string-match/sol_0.py
[          ok] repeated-substring-pattern/sol_0.py
[          ok] replace-all-digits-with-characters/sol_0.py
[          ok] replace-all-s-to-avoid-consecutive-repeating-characters/sol_0.py
[          ok] replace-elements-in-an-array/sol_0.py
[          ok] replace-elements-with-greatest-element-on-right-side/sol_0.py
[          ok] replace-non-coprime-numbers-in-array/sol_0.py
[          ok] replace-question-marks-in-string-to-minimize-its-value/sol_0.py
[          ok] replace-the-substring-for-balanced-string/sol_0.py
[          ok] replace-words/sol_0.py
[          ok] reshape-the-matrix/sol_0.py
[          ok] restore-ip-addresses/sol_0.py
[          ok] restore-the-array/sol_0.py
[          ok] restore-the-array-from-adjacent-pairs/sol_0.py
[          ok] reveal-cards-in-increasing-order/sol_0.py
[          ok] reverse-bits/sol_0.py
[          ok] reverse-integer/sol_0.py
[          ok] reverse-linked-list/sol_0.py
[          ok] reverse-linked-list-ii/sol_0.py
[          ok] reverse-nodes-in-even-length-groups/sol_0.py
[          ok] reverse-nodes-in-k-group/sol_0.py
[compile_fail] reverse-odd-levels-of-binary-tree/sol_0.py  -- failed to synthesize instance of type class | PySetItem (List (Option TreeNode)) ℤ (Option ?m.116)
[          ok] reverse-only-letters/sol_0.py
[compile_fail] reverse-pairs/sol_0.py  -- Application type mismatch: The argument | p'_ret_1 | has type | ℤ × List ℤ | but is expected to have type
[          ok] reverse-prefix-of-word/sol_0.py
[          ok] reverse-string/sol_0.py
[compile_fail] reverse-string-ii/sol_0.py  -- Application type mismatch: The argument | pyReversed (pySlice cs (some i) (some (i +ₚ k)) none) | has type | PyReversedIter String | but is expected to have type
[          ok] reverse-subarray-to-maximize-array-value/sol_0.py
[          ok] reverse-substrings-between-each-pair-of-parentheses/sol_0.py
[          ok] reverse-vowels-of-a-string/sol_0.py
[          ok] reverse-words-in-a-string/sol_0.py
[          ok] reverse-words-in-a-string-ii/sol_0.py
[          ok] reverse-words-in-a-string-iii/sol_0.py
[          ok] reward-top-k-students/sol_0.py
[          ok] richest-customer-wealth/sol_0.py
[          ok] right-triangles/sol_0.py
[          ok] rings-and-rods/sol_0.py
[          ok] robot-bounded-in-circle/sol_0.py
[          ok] robot-collisions/sol_0.py
[          ok] robot-return-to-origin/sol_0.py
[          ok] roman-to-integer/sol_0.py
[          ok] root-equals-sum-of-children/sol_0.py
[          ok] rotate-array/sol_0.py
[          ok] rotate-function/sol_0.py
[          ok] rotate-image/sol_0.py
[          ok] rotate-list/sol_0.py
[          ok] rotate-string/sol_0.py
[          ok] rotated-digits/sol_0.py
[          ok] rotating-the-box/sol_0.py
[          ok] rotting-oranges/sol_0.py
[          ok] row-with-maximum-ones/sol_0.py
[          ok] running-sum-of-1d-array/sol_0.py
[          ok] russian-doll-envelopes/sol_0.py
[          ok] satisfiability-of-equality-equations/sol_0.py
[          ok] score-after-flipping-matrix/sol_0.py
[          ok] score-of-a-string/sol_0.py
[          ok] score-of-parentheses/sol_0.py
[          ok] scramble-string/sol_0.py
[          ok] search-a-2d-matrix/sol_0.py
[          ok] search-a-2d-matrix-ii/sol_0.py
[          ok] search-in-rotated-sorted-array/sol_0.py
[          ok] search-in-rotated-sorted-array-ii/sol_0.py
[          ok] search-insert-position/sol_0.py
[          ok] search-suggestions-system/sol_0.py
[          ok] second-largest-digit-in-a-string/sol_0.py
[          ok] second-minimum-node-in-a-binary-tree/sol_0.py
[          ok] second-minimum-time-to-reach-destination/sol_0.py
[          ok] self-crossing/sol_0.py
[          ok] self-dividing-numbers/sol_0.py
[          ok] sell-diminishing-valued-colored-balls/sol_0.py
[compile_fail] selling-pieces-of-wood/sol_0.py  -- typeclass instance problem is stuck | PyGetItem ?m.159 ℤ (Std.HashMap ℤ ℤ) | Note: Lean will not try to resolve this typeclass instance problem because the first type argument to `PyGetItem` is a metavariable. This argument must be fully determined before Lean will try to resolve the typeclass.
[          ok] semi-ordered-permutation/sol_0.py
[          ok] sender-with-largest-word-count/sol_0.py
[          ok] sentence-screen-fitting/sol_0.py
[          ok] sentence-similarity/sol_0.py
[          ok] sentence-similarity-ii/sol_0.py
[          ok] sentence-similarity-iii/sol_0.py
[          ok] separate-black-and-white-balls/sol_0.py
[compile_fail] separate-the-digits-in-an-array/sol_0.py  -- Application type mismatch: The argument | t | has type | Array ℤ | but is expected to have type
[          ok] sequence-reconstruction/sol_0.py
[          ok] sequential-digits/sol_0.py
[          ok] set-intersection-size-at-least-two/sol_0.py
[          ok] set-matrix-zeroes/sol_0.py
[          ok] set-mismatch/sol_0.py
[          ok] shift-2d-grid/sol_0.py
[          ok] shifting-letters/sol_0.py
[          ok] shifting-letters-ii/sol_0.py
[          ok] shopping-offers/sol_0.py
[          ok] shortest-and-lexicographically-smallest-beautiful-string/sol_0.py
[          ok] shortest-bridge/sol_0.py
[          ok] shortest-common-supersequence/sol_0.py
[          ok] shortest-completing-word/sol_0.py
[          ok] shortest-cycle-in-a-graph/sol_0.py
[          ok] shortest-distance-from-all-buildings/sol_0.py
[          ok] shortest-distance-to-a-character/sol_0.py
[          ok] shortest-distance-to-target-color/sol_0.py
[          ok] shortest-distance-to-target-string-in-a-circular-array/sol_0.py
[          ok] shortest-impossible-sequence-of-rolls/sol_0.py
[          ok] shortest-palindrome/sol_0.py
[          ok] shortest-path-in-a-grid-with-obstacles-elimination/sol_0.py
[          ok] shortest-path-in-binary-matrix/sol_0.py
[          ok] shortest-path-to-get-all-keys/sol_0.py
[          ok] shortest-path-to-get-food/sol_0.py
[          ok] shortest-path-visiting-all-nodes/sol_0.py
[          ok] shortest-path-with-alternating-colors/sol_0.py
[compile_fail] shortest-string-that-contains-three-strings/sol_0.py  -- failed to synthesize instance of type class | PyIterable (ℤ → List (List String)) ?m.66
[          ok] shortest-subarray-to-be-removed-to-make-array-sorted/sol_0.py
[          ok] shortest-subarray-with-or-at-least-k-i/sol_0.py
[          ok] shortest-subarray-with-or-at-least-k-ii/sol_0.py
[          ok] shortest-subarray-with-sum-at-least-k/sol_0.py
[          ok] shortest-uncommon-substring-in-an-array/sol_0.py
[          ok] shortest-unsorted-continuous-subarray/sol_0.py
[          ok] shortest-way-to-form-string/sol_0.py
[          ok] shortest-word-distance/sol_0.py
[          ok] shortest-word-distance-iii/sol_0.py
[compile_fail] shuffle-string/sol_0.py  -- failed to synthesize instance of type class | PySetItem (List PyAny) ℤ String
[          ok] shuffle-the-array/sol_0.py
[          ok] sign-of-the-product-of-an-array/sol_0.py
[          ok] similar-rgb-color/sol_0.py
[          ok] similar-string-groups/sol_0.py
[          ok] simplified-fractions/sol_0.py
[          ok] simplify-path/sol_0.py
[          ok] single-element-in-a-sorted-array/sol_0.py
[          ok] single-number/sol_0.py
[          ok] single-number-ii/sol_0.py
[          ok] single-number-iii/sol_0.py
[          ok] single-row-keyboard/sol_0.py
[          ok] single-threaded-cpu/sol_0.py
[compile_fail] sliding-puzzle/sol_0.py  -- failed to synthesize instance of type class | PySetItem (List Unit) ℤ String
[          ok] sliding-subarray-beauty/sol_0.py
[          ok] sliding-window-maximum/sol_0.py
[compile_fail] sliding-window-median/sol_0.py  -- Type mismatch | collections.pyDefaultDictInt | has type | collections.PyDefaultDict ?m.5 ℤ | but is expected to have type
[          ok] slowest-key/sol_0.py
[          ok] smallest-common-region/sol_0.py
[          ok] smallest-even-multiple/sol_0.py
[          ok] smallest-good-base/sol_0.py
[          ok] smallest-index-with-equal-value/sol_0.py
[          ok] smallest-integer-divisible-by-k/sol_0.py
[          ok] smallest-k-length-subsequence-with-occurrences-of-a-letter/sol_0.py
[          ok] smallest-missing-genetic-value-in-each-subtree/sol_0.py
[          ok] smallest-missing-integer-greater-than-sequential-prefix-sum/sol_0.py
[          ok] smallest-missing-non-negative-integer-after-operations/sol_0.py
[          ok] smallest-number-with-given-digit-product/sol_0.py
[          ok] smallest-range-covering-elements-from-k-lists/sol_0.py
[          ok] smallest-range-i/sol_0.py
[          ok] smallest-range-ii/sol_0.py
[          ok] smallest-rectangle-enclosing-black-pixels/sol_0.py
[          ok] smallest-rotation-with-highest-score/sol_0.py
[          ok] smallest-string-starting-from-leaf/sol_0.py
[          ok] smallest-string-with-a-given-numeric-value/sol_0.py
[          ok] smallest-string-with-swaps/sol_0.py
[          ok] smallest-subarrays-with-maximum-bitwise-or/sol_0.py
[          ok] smallest-subsequence-of-distinct-characters/sol_0.py
[compile_fail] smallest-subtree-with-all-the-deepest-nodes/sol_0.py  -- Application type mismatch: The argument | root | has type | Option TreeNode'rn | but is expected to have type
[          ok] smallest-sufficient-team/sol_0.py
[          ok] smallest-value-after-replacing-with-sum-of-prime-factors/sol_0.py
[          ok] smallest-value-of-the-rearranged-number/sol_0.py
[          ok] snakes-and-ladders/sol_0.py
[          ok] solve-the-equation/sol_0.py
[          ok] solving-questions-with-brainpower/sol_0.py
[compile_fail] sort-an-array/sol_0.py  -- Unknown identifier `randint`
[          ok] sort-array-by-increasing-frequency/sol_0.py
[          ok] sort-array-by-moving-items-to-empty-space/sol_0.py
[          ok] sort-array-by-parity/sol_0.py
[          ok] sort-array-by-parity-ii/sol_0.py
[          ok] sort-characters-by-frequency/sol_0.py
[          ok] sort-colors/sol_0.py
[          ok] sort-even-and-odd-indices-independently/sol_0.py
[          ok] sort-features-by-popularity/sol_0.py
[          ok] sort-integers-by-the-number-of-1-bits/sol_0.py
[          ok] sort-integers-by-the-power-value/sol_0.py
[          ok] sort-items-by-groups-respecting-dependencies/sol_0.py
[          ok] sort-linked-list-already-sorted-using-absolute-values/sol_0.py
[          ok] sort-the-jumbled-numbers/sol_0.py
[          ok] sort-the-matrix-diagonally/sol_0.py
[          ok] sort-the-people/sol_0.py
[          ok] sort-the-students-by-their-kth-score/sol_0.py
[          ok] sort-transformed-array/sol_0.py
[          ok] sort-vowels-in-a-string/sol_0.py
[          ok] sorting-the-sentence/sol_0.py
[          ok] sorting-three-groups/sol_0.py
[          ok] soup-servings/sol_0.py
[          ok] sparse-matrix-multiplication/sol_0.py
[          ok] special-array-i/sol_0.py
[          ok] special-array-ii/sol_0.py
[          ok] special-array-with-x-elements-greater-than-or-equal-x/sol_0.py
[          ok] special-permutations/sol_0.py
[          ok] special-positions-in-a-binary-matrix/sol_0.py
[          ok] spiral-matrix/sol_0.py
[          ok] spiral-matrix-ii/sol_0.py
[          ok] spiral-matrix-iii/sol_0.py
[          ok] spiral-matrix-iv/sol_0.py
[          ok] split-a-string-in-balanced-strings/sol_0.py
[          ok] split-a-string-into-the-max-number-of-unique-substrings/sol_0.py
[          ok] split-array-into-consecutive-subsequences/sol_0.py
[          ok] split-array-into-fibonacci-sequence/sol_0.py
[          ok] split-array-into-maximum-number-of-subarrays/sol_0.py
[          ok] split-array-largest-sum/sol_0.py
[          ok] split-array-with-equal-sum/sol_0.py
[          ok] split-array-with-same-average/sol_0.py
[          ok] split-concatenated-strings/sol_0.py
[          ok] split-message-based-on-limit/sol_0.py
[          ok] split-strings-by-separator/sol_0.py
[          ok] split-the-array/sol_0.py
[          ok] split-the-array-to-make-coprime-products/sol_0.py
[          ok] split-two-strings-to-make-palindrome/sol_0.py
[          ok] split-with-minimum-sum/sol_0.py
[          ok] splitting-a-string-into-descending-consecutive-values/sol_0.py
[          ok] sqrtx/sol_0.py
[          ok] squares-of-a-sorted-array/sol_0.py
[          ok] squirrel-simulation/sol_0.py
[          ok] stamping-the-grid/sol_0.py
[compile_fail] stamping-the-sequence/sol_0.py  -- Application type mismatch: The argument | [] | has type | List ?m.590 | but is expected to have type
[compile_fail] statistics-from-a-large-sample/sol_0.py  -- overloaded, errors | Type mismatch | (_sampleStats'find (pyFloorDiv cnt 2) count +ₚ _sampleStats'find (pyFloorDiv cnt 2 +ₚ 1) count) /ₚ 2 | has type | ℚ
[compile_fail] step-by-step-directions-from-a-binary-tree-node-to-another/sol_0.py  -- Application type mismatch: The argument | p'_ret_1 | has type | Bool × List String | but is expected to have type
[          ok] stepping-numbers/sol_0.py
[          ok] steps-to-make-array-non-decreasing/sol_0.py
[          ok] stickers-to-spell-word/sol_0.py
[          ok] stone-game/sol_0.py
[          ok] stone-game-ii/sol_0.py
[          ok] stone-game-iii/sol_0.py
[          ok] stone-game-iv/sol_0.py
[          ok] stone-game-ix/sol_0.py
[          ok] stone-game-v/sol_0.py
[          ok] stone-game-vi/sol_0.py
[          ok] stone-game-vii/sol_0.py
[          ok] stone-game-viii/sol_0.py
[          ok] strange-printer/sol_0.py
[compile_fail] strange-printer-ii/sol_0.py  -- Unknown identifier `Enum`
[          ok] strictly-palindromic-number/sol_0.py
[          ok] string-compression/sol_0.py
[          ok] string-compression-ii/sol_0.py
[          ok] string-compression-iii/sol_0.py
[          ok] string-matching-in-an-array/sol_0.py
[          ok] string-to-integer-atoi/sol_0.py
[          ok] string-transforms-into-another-string/sol_0.py
[          ok] string-without-aaa-or-bbb/sol_0.py
[          ok] strings-differ-by-one-character/sol_0.py
[          ok] strobogrammatic-number/sol_0.py
[compile_fail] strobogrammatic-number-ii/sol_0.py  -- Application type mismatch: The argument | l +ₚ v +ₚ r | has type | ℤ | but is expected to have type
[compile_fail] strobogrammatic-number-iii/sol_0.py  -- failed to synthesize instance of type class | PyHAdd String ℤ ?m.160
[          ok] strong-password-checker/sol_0.py
[          ok] strong-password-checker-ii/sol_0.py
[          ok] student-attendance-record-i/sol_0.py
[          ok] student-attendance-record-ii/sol_0.py
[          ok] subarray-product-less-than-k/sol_0.py
[          ok] subarray-sum-equals-k/sol_0.py
[          ok] subarray-sums-divisible-by-k/sol_0.py
[          ok] subarray-with-elements-greater-than-varying-threshold/sol_0.py
[          ok] subarrays-distinct-element-sum-of-squares-i/sol_0.py
[          ok] subarrays-distinct-element-sum-of-squares-ii/sol_0.py
[          ok] subarrays-with-k-different-integers/sol_0.py
[          ok] subdomain-visit-count/sol_0.py
[          ok] subsequence-of-size-k-with-the-largest-even-sum/sol_0.py
[          ok] subsequence-with-the-minimum-score/sol_0.py
[          ok] subsets/sol_0.py
[          ok] subsets-ii/sol_0.py
[          ok] substring-with-concatenation-of-all-words/sol_0.py
[          ok] substring-with-largest-variance/sol_0.py
[          ok] substring-xor-queries/sol_0.py
[          ok] substrings-of-size-three-with-distinct-characters/sol_0.py
[          ok] substrings-that-begin-and-end-with-the-same-letter/sol_0.py
[          ok] subtract-the-product-and-sum-of-digits-of-an-integer/sol_0.py
[          ok] subtree-removal-game-with-fibonacci-tree/sol_0.py
[compile_fail] successful-pairs-of-spells-and-potions/sol_0.py  -- overloaded, errors | Type mismatch | success /ₚ v | has type | ℚ
[          ok] sudoku-solver/sol_0.py
[          ok] sum-game/sol_0.py
[          ok] sum-in-a-matrix/sol_0.py
[          ok] sum-multiples/sol_0.py
[          ok] sum-of-absolute-differences-in-a-sorted-array/sol_0.py
[          ok] sum-of-all-odd-length-subarrays/sol_0.py
[          ok] sum-of-all-subset-xor-totals/sol_0.py
[          ok] sum-of-beauty-in-the-array/sol_0.py
[          ok] sum-of-beauty-of-all-substrings/sol_0.py
[          ok] sum-of-digit-differences-of-all-pairs/sol_0.py
[          ok] sum-of-digits-in-base-k/sol_0.py
[          ok] sum-of-digits-in-the-minimum-number/sol_0.py
[          ok] sum-of-digits-of-string-after-convert/sol_0.py
[          ok] sum-of-distances/sol_0.py
[          ok] sum-of-distances-in-tree/sol_0.py
[          ok] sum-of-even-numbers-after-queries/sol_0.py
[          ok] sum-of-floored-pairs/sol_0.py
[          ok] sum-of-imbalance-numbers-of-all-subarrays/sol_0.py
[          ok] sum-of-k-mirror-numbers/sol_0.py
[          ok] sum-of-matrix-after-queries/sol_0.py
[          ok] sum-of-mutated-array-closest-to-target/sol_0.py
[          ok] sum-of-nodes-with-even-valued-grandparent/sol_0.py
[          ok] sum-of-number-and-its-reverse/sol_0.py
[          ok] sum-of-numbers-with-units-digit-k/sol_0.py
[          ok] sum-of-prefix-scores-of-strings/sol_0.py
[          ok] sum-of-remoteness-of-all-cells/sol_0.py
[          ok] sum-of-root-to-leaf-binary-numbers/sol_0.py
[          ok] sum-of-scores-of-built-strings/sol_0.py
[          ok] sum-of-special-evenly-spaced-elements-in-array/sol_0.py
[          ok] sum-of-square-numbers/sol_0.py
[          ok] sum-of-squares-of-special-elements/sol_0.py
[          ok] sum-of-subarray-minimums/sol_0.py
[          ok] sum-of-subarray-ranges/sol_0.py
[          ok] sum-of-subsequence-widths/sol_0.py
[          ok] sum-of-total-strength-of-wizards/sol_0.py
[          ok] sum-of-two-integers/sol_0.py
[          ok] sum-of-unique-elements/sol_0.py
[          ok] sum-of-values-at-indices-with-k-set-bits/sol_0.py
[          ok] sum-root-to-leaf-numbers/sol_0.py
[          ok] summary-ranges/sol_0.py
[          ok] super-egg-drop/sol_0.py
[compile_fail] super-palindromes/sol_0.py  -- don't know how to synthesize implicit argument `α` | @List.nil ?m.3 | context: | ⊢ Type u_1
[          ok] super-ugly-number/sol_0.py
[          ok] super-washing-machines/sol_0.py
[          ok] surface-area-of-3d-shapes/sol_0.py
[          ok] surrounded-regions/sol_0.py
[          ok] swap-adjacent-in-lr-string/sol_0.py
[          ok] swap-for-longest-repeated-character-substring/sol_0.py
[          ok] swapping-nodes-in-a-linked-list/sol_0.py
[          ok] swim-in-rising-water/sol_0.py
[          ok] symmetric-tree/sol_0.py
[compile_fail] synonymous-sentences/sol_0.py  -- Type mismatch | uf.find d⦋sentence⦋i⦌⦌ | has type | ℤ × UnionFind | but is expected to have type
[          ok] tag-validator/sol_0.py
[          ok] take-gifts-from-the-richest-pile/sol_0.py
[          ok] take-k-of-each-character-from-left-and-right/sol_0.py
[          ok] taking-maximum-energy-from-the-mystic-dungeon/sol_0.py
[          ok] tallest-billboard/sol_0.py
[          ok] target-sum/sol_0.py
[          ok] task-scheduler/sol_0.py
[          ok] task-scheduler-ii/sol_0.py
[          ok] teemo-attacking/sol_0.py
[          ok] ternary-expression-parser/sol_0.py
[          ok] text-justification/sol_0.py
[          ok] the-earliest-and-latest-rounds-where-players-compete/sol_0.py
[          ok] the-earliest-moment-when-everyone-become-friends/sol_0.py
[          ok] the-employee-that-worked-on-the-longest-task/sol_0.py
[          ok] the-k-strongest-values-in-an-array/sol_0.py
[          ok] the-k-th-lexicographical-string-of-all-happy-strings-of-length-n/sol_0.py
[          ok] the-k-weakest-rows-in-a-matrix/sol_0.py
[          ok] the-knights-tour/sol_0.py
[          ok] the-kth-factor-of-n/sol_0.py
[          ok] the-latest-time-to-catch-a-bus/sol_0.py
[          ok] the-maze/sol_0.py
[          ok] the-maze-ii/sol_0.py
[compile_fail] the-maze-iii/sol_0.py  -- failed to synthesize instance of type class | PyHAdd (Option String) String ?m.374
[compile_fail] the-most-similar-path-in-a-graph/sol_0.py  -- failed to synthesize instance of type class | PySetItem (List ℤ) ℤ Bool
[          ok] the-number-of-beautiful-subsets/sol_0.py
[          ok] the-number-of-full-rounds-you-have-played/sol_0.py
[          ok] the-number-of-good-subsets/sol_0.py
[          ok] the-number-of-the-smallest-unoccupied-chair/sol_0.py
[          ok] the-number-of-ways-to-make-the-sum/sol_0.py
[          ok] the-number-of-weak-characters-in-the-game/sol_0.py
[          ok] the-score-of-students-solving-math-expression/sol_0.py
[     skipped] the-skyline-problem/sol_0.py  -- queue (Queue / PriorityQueue)
[          ok] the-time-when-the-network-becomes-idle/sol_0.py
[          ok] the-wording-game/sol_0.py
[          ok] third-maximum-number/sol_0.py
[          ok] thousand-separator/sol_0.py
[          ok] three-consecutive-odds/sol_0.py
[          ok] three-divisors/sol_0.py
[          ok] three-equal-parts/sol_0.py
[          ok] tiling-a-rectangle-with-the-fewest-squares/sol_0.py
[          ok] time-needed-to-buy-tickets/sol_0.py
[          ok] time-needed-to-inform-all-employees/sol_0.py
[          ok] time-needed-to-rearrange-a-binary-string/sol_0.py
[          ok] time-taken-to-cross-the-door/sol_0.py
[          ok] time-to-cross-a-bridge/sol_0.py
[          ok] to-lower-case/sol_0.py
[          ok] toeplitz-matrix/sol_0.py
[          ok] top-k-frequent-elements/sol_0.py
[          ok] top-k-frequent-words/sol_0.py
[          ok] toss-strange-coins/sol_0.py
[          ok] total-appeal-of-a-string/sol_0.py
[          ok] total-cost-to-hire-k-workers/sol_0.py
[          ok] total-distance-traveled/sol_0.py
[          ok] total-hamming-distance/sol_0.py
[          ok] transform-to-chessboard/sol_0.py
[          ok] transpose-matrix/sol_0.py
[          ok] trapping-rain-water/sol_0.py
[          ok] trapping-rain-water-ii/sol_0.py
[          ok] tree-diameter/sol_0.py
[          ok] tree-of-coprimes/sol_0.py
[          ok] triangle/sol_0.py
[compile_fail] trim-a-binary-search-tree/sol_0.py  -- Application type mismatch: The argument | (root, root) | has type | Option TreeNode × Option TreeNode | but is expected to have type
[          ok] triples-with-bitwise-and-equal-to-zero/sol_0.py
[          ok] truncate-sentence/sol_0.py
[          ok] tuple-with-same-product/sol_0.py
[          ok] two-best-non-overlapping-events/sol_0.py
[          ok] two-city-scheduling/sol_0.py
[          ok] two-furthest-houses-with-different-colors/sol_0.py
[          ok] two-out-of-three/sol_0.py
[          ok] two-sum/sol_0.py
[          ok] two-sum-bsts/sol_0.py
[          ok] two-sum-ii-input-array-is-sorted/sol_0.py
[compile_fail] two-sum-iv-input-is-a-bst/sol_0.py  -- Application type mismatch: The argument | p'_ret_1 | has type | Bool × List ℤ | but is expected to have type
[          ok] two-sum-less-than-k/sol_0.py
[          ok] type-of-triangle/sol_0.py
[          ok] ugly-number/sol_0.py
[          ok] ugly-number-ii/sol_0.py
[compile_fail] ugly-number-iii/sol_0.py  -- Function expected at | math.pyMathLcm a b | but this term has type | ℤ | Note: Expected a function because this term is being applied to the argument
[compile_fail] uncommon-words-from-two-sentences/sol_0.py  -- failed to synthesize instance of type class | PyHAdd (collections.PyDefaultDict String ℤ) (collections.PyDefaultDict String ℤ) ?m.5
[          ok] uncrossed-lines/sol_0.py
[          ok] unique-binary-search-trees/sol_0.py
[          ok] unique-email-addresses/sol_0.py
[          ok] unique-length-3-palindromic-subsequences/sol_0.py
[          ok] unique-morse-code-words/sol_0.py
[          ok] unique-number-of-occurrences/sol_0.py
[          ok] unique-paths/sol_0.py
[          ok] unique-paths-ii/sol_0.py
[compile_fail] unique-paths-iii/sol_0.py  -- Application type mismatch: The argument | start | has type | ℤ × ℤ | but is expected to have type
[          ok] unique-substrings-in-wraparound-string/sol_0.py
[          ok] unique-substrings-with-equal-digit-frequency/sol_0.py
[          ok] univalued-binary-tree/sol_0.py
[          ok] using-a-robot-to-print-the-lexicographically-smallest-string/sol_0.py
[          ok] utf-8-validation/sol_0.py
[          ok] valid-anagram/sol_0.py
[          ok] valid-arrangement-of-pairs/sol_0.py
[          ok] valid-boomerang/sol_0.py
[          ok] valid-mountain-array/sol_0.py
[          ok] valid-number/sol_0.py
[          ok] valid-palindrome/sol_0.py
[          ok] valid-palindrome-ii/sol_0.py
[          ok] valid-palindrome-iii/sol_0.py
[          ok] valid-palindrome-iv/sol_0.py
[          ok] valid-parentheses/sol_0.py
[          ok] valid-parenthesis-string/sol_0.py
[          ok] valid-perfect-square/sol_0.py
[          ok] valid-permutations-for-di-sequence/sol_0.py
[          ok] valid-square/sol_0.py
[          ok] valid-sudoku/sol_0.py
[          ok] valid-tic-tac-toe-state/sol_0.py
[          ok] valid-triangle-number/sol_0.py
[          ok] valid-word/sol_0.py
[          ok] valid-word-abbreviation/sol_0.py
[          ok] valid-word-square/sol_0.py
[          ok] validate-binary-search-tree/sol_0.py
[          ok] validate-binary-tree-nodes/sol_0.py
[          ok] validate-ip-address/sol_0.py
[          ok] validate-stack-sequences/sol_0.py
[          ok] verify-preorder-sequence-in-binary-search-tree/sol_0.py
[          ok] verify-preorder-serialization-of-a-binary-tree/sol_0.py
[          ok] verifying-an-alien-dictionary/sol_0.py
[          ok] vertical-order-traversal-of-a-binary-tree/sol_0.py
[          ok] video-stitching/sol_0.py
[          ok] visit-array-positions-to-maximize-score/sol_0.py
[compile_fail] vowel-spellchecker/sol_0.py  -- failed to synthesize instance of type class | PyContains String PyAny
[          ok] vowels-game-in-a-string/sol_0.py
[          ok] vowels-of-all-substrings/sol_0.py
[          ok] walking-robot-simulation/sol_0.py
[          ok] walls-and-gates/sol_0.py
[          ok] water-and-jug-problem/sol_0.py
[          ok] water-bottles/sol_0.py
[          ok] water-bottles-ii/sol_0.py
[          ok] watering-plants/sol_0.py
[          ok] watering-plants-ii/sol_0.py
[          ok] ways-to-express-an-integer-as-sum-of-powers/sol_0.py
[          ok] ways-to-make-a-fair-array/sol_0.py
[          ok] ways-to-split-array-into-good-subarrays/sol_0.py
[          ok] ways-to-split-array-into-three-subarrays/sol_0.py
[     skipped] web-crawler-multithreaded/sol_0.py  -- threading / concurrency
[          ok] where-will-the-ball-fall/sol_0.py
[          ok] widest-pair-of-indices-with-equal-range-sum/sol_0.py
[          ok] widest-vertical-area-between-two-points-containing-no-points/sol_0.py
[          ok] wiggle-sort/sol_0.py
[          ok] wiggle-sort-ii/sol_0.py
[          ok] wiggle-subsequence/sol_0.py
[          ok] wildcard-matching/sol_0.py
[          ok] winner-of-the-linked-list-game/sol_0.py
[compile_fail] word-abbreviation/sol_0.py  -- failed to synthesize instance of type class | PySetItem (Std.HashMap (ℤ × String) PyAny) (ℤ × String) Trie
[          ok] word-break/sol_0.py
[          ok] word-break-ii/sol_0.py
[          ok] word-ladder/sol_0.py
[          ok] word-pattern/sol_0.py
[compile_fail] word-pattern-ii/sol_0.py  -- Application type mismatch: The argument | pattern⦋i⦌ | has type | String | but is expected to have type
[          ok] word-search/sol_0.py
[compile_fail] word-search-ii/sol_0.py  -- Application type mismatch: The argument | p'_unpack_pair_1 | has type | Option Trie × List (List String) × List String | but is expected to have type
[compile_fail] word-squares/sol_0.py  -- Type mismatch | [] | has type | List ?m.7 | but is expected to have type
[          ok] word-subsets/sol_0.py
[          ok] words-within-two-edits-of-dictionary/sol_0.py
[          ok] x-of-a-kind-in-a-deck-of-cards/sol_0.py
[          ok] xor-operation-in-an-array/sol_0.py
[          ok] xor-queries-of-a-subarray/sol_0.py
[          ok] zigzag-conversion/sol_0.py
[     skipped] zuma-game/sol_0.py  -- re (regular expressions)

[*] Conversion: 2399 ok, 183 compile_fail, 2 convert_fail, 5 skipped (out-of-scope libs)
[*] Most common failures:
        4x  Application type mismatch: The argument | p'_ret_1 | has type | Bool × List ℤ | but is expected to have type
        4x  Unknown constant `PastaLean.User.Root.SegmentTree.build`
        3x  must be last element in a `do` sequence
        2x  Application type mismatch: The argument | none | has type | Option ?m.1 | but is expected to have type
        2x  failed to synthesize instance of type class | Hashable (Option TreeNode)
        2x  failed to synthesize instance of type class | PyTruthy Unit
        2x  failed to synthesize instance of type class | math.PyMathFloatArg ℝ
        2x  failed to synthesize instance of type class | PySetItem (List ℤ) ℤ Bool
        2x  Application type mismatch: The argument | p'_ret_1 | has type | ℤ × List ℤ | but is expected to have type
        2x  Type mismatch | [0] +ₚ pyListRepeat [inf] n | has type | List ℚ | but is expected to have type
[*] Summary written to cp_harness/dataset_leetcode/convert_summary.json

>>> [3/4] Evaluate (run Lean vs Python on test cases)
[*] Native: compiling 2245 harness(es) in ONE build (Mathlib once, -j18)…
[*] compile finished in 551s — 2241 linked, 4 compile_fail (chunk=500, 5 binaries)
[*] running 2245 native harness(es) across 6 process(es)…
[1/2245] 2-keys-keyboard/sol_0: 65/65
[2/2245] 1-bit-and-2-bit-characters/sol_0: 95/95
[3/2245] 01-matrix/sol_0: 67/67
[4/2245] 132-pattern/sol_0: 143/143
[5/2245] 3sum/sol_0: 104/104
[6/2245] 3sum-smaller/sol_0: 104/104
[7/2245] 3sum-closest/sol_0: 99/99
[8/2245] 3sum-with-multiplicity/sol_0: 87/87
[9/2245] 4-keys-keyboard/sol_0: 49/49
[10/2245] 4sum/sol_0: 90/90
[11/2245] a-number-after-a-double-reversal/sol_0: 66/66
[12/2245] 4sum-ii/sol_0: 97/97
[13/2245] account-balance-after-rounded-purchase/sol_0: 54/54
[14/2245] 24-game/sol_0: 109/109
[15/2245] abbreviating-the-product-of-a-range/sol_0: 74/74
[16/2245] add-binary/sol_0: 86/86
[17/2245] add-digits/sol_0: 75/75
[18/2245] add-bold-tag-in-string/sol_0: 3/110
[19/2245] add-edges-to-make-degrees-of-all-nodes-even/sol_0: 82/82
[20/2245] add-minimum-number-of-rungs/sol_0: 102/102
[21/2245] add-strings/sol_0: 92/92
[22/2245] add-to-array-form-of-integer/sol_0: 75/75
[23/2245] add-two-integers/sol_0: 59/59
[24/2245] adding-spaces-to-a-string/sol_0: 127/127
[25/2245] adding-two-negabinary-numbers/sol_0: 104/104
[26/2245] airplane-seat-assignment-probability/sol_0: 32/32
[27/2245] advantage-shuffle/sol_0: 100/100
[28/2245] alice-and-bob-playing-flower-game/sol_0: 66/66
[29/2245] alert-using-same-key-card-three-or-more-times-in-a-one-hour-period/sol_0: 109/109
[30/2245] alien-dictionary/sol_0: 111/111
[31/2245] all-divisions-with-the-highest-score-of-a-binary-array/sol_0: 98/98
[32/2245] all-ancestors-of-a-node-in-a-directed-acyclic-graph/sol_0: 63/63
[33/2245] alphabet-board-path/sol_0: 103/103
[34/2245] allocate-mailboxes/sol_0: 108/108
[35/2245] alternating-digit-sum/sol_0: 57/57
[36/2245] alt-and-tab-simulation/sol_0: 89/89
[37/2245] alternating-groups-i/sol_0: 131/131
[38/2245] alternating-groups-ii/sol_0: 103/103
[39/2245] analyze-user-website-visit-pattern/sol_0: 0/0
[40/2245] ambiguous-coordinates/sol_0: 93/93
[41/2245] ant-on-the-boundary/sol_0: 123/123
[42/2245] angle-between-hands-of-a-clock/sol_0: 72/72
[43/2245] append-characters-to-string-to-make-subsequence/sol_0: 153/153
[44/2245] append-k-integers-with-minimal-sum/sol_0: 111/111
[45/2245] apply-bitwise-operations-to-make-strings-equal/sol_0: 95/95
[46/2245] apple-redistribution-into-boxes/sol_0: 79/79
[47/2245] apply-discount-to-prices/sol_0: 108/108
[48/2245] apply-operations-on-array-to-maximize-sum-of-squares/sol_0: 98/98
[49/2245] apply-operations-to-make-all-array-elements-equal-to-zero/sol_0: 101/101
[50/2245] apply-operations-to-an-array/sol_0: 123/123
[51/2245] arithmetic-slices/sol_0: 171/171
[52/2245] apply-operations-to-maximize-frequency-score/sol_0: 96/96
[53/2245] apply-operations-to-make-two-strings-equal/sol_0: 113/113
[54/2245] apply-operations-to-make-sum-of-array-greater-than-or-equal-to-k/sol_0: 58/58
[55/2245] armstrong-number/sol_0: 56/56
[56/2245] arithmetic-subarrays/sol_0: 129/129
[57/2245] arithmetic-slices-ii-subsequence/sol_0: 164/164
[58/2245] arranging-coins/sol_0: 54/54
[59/2245] array-nesting/sol_0: 97/97
[60/2245] array-of-doubled-pairs/sol_0: 112/112
[61/2245] array-partition/sol_0: 112/112
[62/2245] array-transformation/sol_0: 122/122
[63/2245] array-with-elements-not-equal-to-average-of-neighbors/sol_0: 115/115
[64/2245] as-far-from-land-as-possible/sol_0: 62/62
[65/2245] assign-cookies/sol_0: 129/129
[66/2245] asteroid-collision/sol_0: 123/123
[67/2245] average-salary-excluding-the-minimum-and-maximum-salary/sol_0: 99/99
[68/2245] available-captures-for-rook/sol_0: 58/58
[69/2245] average-height-of-buildings-in-each-segment/sol_0: 110/110
[70/2245] average-value-of-even-numbers-that-are-divisible-by-three/sol_0: 124/124
[71/2245] bag-of-tokens/sol_0: 103/103
[72/2245] baseball-game/sol_0: 75/75
[73/2245] average-waiting-time/sol_0: 92/92
[74/2245] backspace-string-compare/sol_0: 109/109
[75/2245] basic-calculator-ii/sol_0: 171/171
[76/2245] basic-calculator-iii/sol_0: 171/171
[77/2245] battleships-in-a-board/sol_0: 101/101
[78/2245] basic-calculator/sol_0: 174/174
[79/2245] beautiful-pairs/sol_0: 84/84
[80/2245] beautiful-towers-ii/sol_0: 111/111
[81/2245] best-meeting-point/sol_0: 68/68
[82/2245] before-and-after-puzzle/sol_0: 66/66
[83/2245] best-sightseeing-pair/sol_0: 106/106
[84/2245] best-poker-hand/sol_0: 100/100
[85/2245] best-time-to-buy-and-sell-stock/sol_0: 99/99
[86/2245] best-team-with-no-conflicts/sol_0: 137/137
[87/2245] best-time-to-buy-and-sell-stock-iii/sol_0: 117/117
[88/2245] best-time-to-buy-and-sell-stock-ii/sol_0: 125/125
[89/2245] best-time-to-buy-and-sell-stock-with-cooldown/sol_0: 108/108
[90/2245] best-time-to-buy-and-sell-stock-iv/sol_0: 97/97
[91/2245] best-time-to-buy-and-sell-stock-with-transaction-fee/sol_0: 107/107
[92/2245] better-compression-of-string/sol_0: 81/81
[93/2245] binary-gap/sol_0: 65/65
[94/2245] binary-number-with-alternating-bits/sol_0: 72/72
[95/2245] beautiful-arrangement/sol_0: 15/15
[96/2245] binary-prefix-divisible-by-5/sol_0: 69/69
[97/2245] binary-search/sol_0: 115/115
[98/2245] beautiful-arrangement-ii/sol_0: 75/75
[99/2245] binary-searchable-numbers-in-an-unsorted-array/sol_0: 142/142
[100/2245] binary-string-with-substrings-representing-1-to-n/sol_0: 96/96
[101/2245] binary-subarrays-with-sum/sol_0: 72/72
[102/2245] binary-trees-with-factors/sol_0: 105/105
[103/2245] binary-watch/sol_0: 12/12
[104/2245] bitwise-and-of-numbers-range/sol_0: 97/97
[105/2245] bitwise-or-of-adjacent-elements/sol_0: 104/104
[106/2245] bitwise-or-of-all-subsequence-sums/sol_0: 84/84
[107/2245] bitwise-xor-of-all-pairings/sol_0: 102/102
[108/2245] boats-to-save-people/sol_0: 89/89
[109/2245] bold-words-in-string/sol_0: 4/138
[110/2245] bomb-enemy/sol_0: 68/68
[111/2245] break-a-palindrome/sol_0: 118/118
[112/2245] brick-wall/sol_0: 63/63
[113/2245] brightest-position-on-street/sol_0: 114/114
[114/2245] broken-calculator/sol_0: 96/96
[115/2245] buddy-strings/sol_0: 126/126
[116/2245] build-an-array-with-stack-operations/sol_0: 113/113
[117/2245] build-array-from-permutation/sol_0: 81/81
[118/2245] building-boxes/sol_0: 101/101
[119/2245] buildings-with-an-ocean-view/sol_0: 128/128
[120/2245] bulb-switcher/sol_0: 85/85
[121/2245] bulb-switcher-ii/sol_0: 90/90
[122/2245] bulls-and-cows/sol_0: 115/115
[123/2245] brace-expansion/sol_0: 100/100
[124/2245] bus-routes/sol_0: 77/77
[125/2245] buy-two-chocolates/sol_0: 111/111
[126/2245] calculate-amount-paid-in-taxes/sol_0: 122/122
[127/2245] calculate-delayed-arrival-time/sol_0: 31/31
[128/2245] calculate-digit-sum-of-a-string/sol_0: 109/109
[129/2245] calculate-money-in-leetcode-bank/sol_0: 50/50
[130/2245] camelcase-matching/sol_0: 114/114
[131/2245] burst-balloons/sol_0: 96/96
[132/2245] campus-bikes/sol_0: 102/102
[133/2245] can-convert-string-in-k-moves/sol_0: 119/119
[134/2245] campus-bikes-ii/sol_0: 89/89
[135/2245] can-make-arithmetic-progression-from-sequence/sol_0: 161/161
[136/2245] can-make-palindrome-from-substring/sol_0: 93/93
[137/2245] can-place-flowers/sol_0: 107/107
[138/2245] can-you-eat-your-favorite-candy-on-your-favorite-day/sol_0: 55/55
[139/2245] all-paths-from-source-to-target/sol_0: 77/77
[140/2245] candy/sol_0: 112/112
[141/2245] candy-crush/sol_0: 94/94
[142/2245] capacity-to-ship-packages-within-d-days/sol_0: 80/80
[143/2245] capitalize-the-title/sol_0: 137/137
[144/2245] car-fleet/sol_0: 124/124
[145/2245] car-fleet-ii/sol_0: 91/91
[146/2245] car-pooling/sol_0: 112/112
[147/2245] categorize-box-according-to-criteria/sol_0: 114/114
[148/2245] card-flipping-game/sol_0: 107/107
[149/2245] cells-in-a-range-on-an-excel-sheet/sol_0: 175/175
[150/2245] cells-with-odd-values-in-a-matrix/sol_0: 75/75
[151/2245] chalkboard-xor-game/sol_0: 122/122
[152/2245] champagne-tower/sol_0: 183/183
[153/2245] change-minimum-characters-to-satisfy-one-of-three-conditions/sol_0: 128/128
[154/2245] cheapest-flights-within-k-stops/sol_0: 94/94
[155/2245] check-array-formation-through-concatenation/sol_0: 99/99
[156/2245] check-distances-between-same-letters/sol_0: 93/93
[157/2245] check-if-a-number-is-majority-element-in-a-sorted-array/sol_0: 20/20
[158/2245] check-if-a-parentheses-string-can-be-valid/sol_0: 81/81
[159/2245] check-if-a-string-can-break-another-string/sol_0: 120/120
[160/2245] check-if-a-string-contains-all-binary-codes-of-size-k/sol_0: 102/102
[161/2245] check-if-a-string-is-an-acronym-of-words/sol_0: 129/129
[162/2245] check-if-a-word-occurs-as-a-prefix-of-any-word-in-a-sentence/sol_0: 172/172
[163/2245] check-if-all-as-appears-before-all-bs/sol_0: 152/152
[164/2245] check-if-all-1s-are-at-least-length-k-places-away/sol_0: 104/104
[165/2245] check-if-all-the-integers-in-a-range-are-covered/sol_0: 105/105
[166/2245] check-if-all-characters-have-equal-number-of-occurrences/sol_0: 91/91
[167/2245] check-if-an-array-is-consecutive/sol_0: 131/131
[168/2245] check-if-array-is-good/sol_0: 119/119
[169/2245] check-if-array-is-sorted-and-rotated/sol_0: 141/141
[170/2245] build-array-where-you-can-find-the-maximum-exactly-k-comparisons/sol_0: 109/109
[171/2245] check-if-binary-string-has-at-most-one-segment-of-ones/sol_0: 113/113
[172/2245] check-if-bitwise-or-has-trailing-zeros/sol_0: 119/119
[173/2245] check-if-every-row-and-column-contains-all-numbers/sol_0: 57/57
[174/2245] check-if-grid-satisfies-conditions/sol_0: 116/116
[175/2245] check-if-it-is-a-good-array/sol_0: 138/138
[176/2245] check-if-it-is-a-straight-line/sol_0: 124/124
[177/2245] check-if-array-pairs-are-divisible-by-k/sol_0: 94/94
[178/2245] check-if-matrix-is-x-matrix/sol_0: 70/70
[179/2245] check-if-move-is-legal/sol_0: 8/8
[180/2245] check-if-n-and-its-double-exist/sol_0: 144/144
[181/2245] check-if-number-has-equal-digit-count-and-digit-value/sol_0: 150/150
[182/2245] check-if-number-is-a-sum-of-powers-of-three/sol_0: 110/110
[183/2245] check-if-numbers-are-ascending-in-a-sentence/sol_0: 204/204
[184/2245] check-if-one-string-swap-can-make-strings-equal/sol_0: 108/108
[185/2245] check-if-point-is-reachable/sol_0: 86/86
[186/2245] check-if-string-is-a-prefix-of-array/sol_0: 125/125
[187/2245] check-if-string-is-decomposable-into-value-equal-substrings/sol_0: 14/14
[188/2245] check-if-string-is-transformable-with-substring-sort-operations/sol_0: 147/147
[189/2245] check-if-strings-can-be-made-equal-with-operations-i/sol_0: 63/63
[190/2245] check-if-strings-can-be-made-equal-with-operations-ii/sol_0: 127/127
[191/2245] check-if-the-number-is-fascinating/sol_0: 60/60
[192/2245] check-if-the-rectangle-corner-is-reachable/sol_0: 99/104
[193/2245] check-if-the-sentence-is-pangram/sol_0: 98/98
[194/2245] check-if-there-is-a-path-with-equal-number-of-0s-and-1s/sol_0: 87/87
[195/2245] check-if-there-is-a-valid-parentheses-string-path/sol_0: 54/54
[196/2245] check-if-there-is-a-valid-partition-for-the-array/sol_0: 134/134
[197/2245] check-if-there-is-a-valid-path-in-a-grid/sol_0: 77/77
[198/2245] check-if-two-string-arrays-are-equivalent/sol_0: 105/105
[199/2245] check-if-word-can-be-placed-in-crossword/sol_0: 134/134
[200/2245] check-if-word-equals-summation-of-two-words/sol_0: 73/73
[201/2245] check-if-word-is-valid-after-substitutions/sol_0: 140/140
[202/2245] check-whether-two-strings-are-almost-equivalent/sol_0: 148/148
[203/2245] checking-existence-of-edge-length-limited-paths/sol_0: 62/62
[204/2245] cherry-pickup/sol_0: 77/77
[205/2245] cherry-pickup-ii/sol_0: 74/74
[206/2245] choose-edges-to-maximize-score-in-a-tree/sol_0: 87/87
[207/2245] choose-numbers-from-two-arrays-in-range/sol_0: 90/90
[208/2245] cinema-seat-allocation/sol_0: 76/76
[209/2245] circle-and-rectangle-overlapping/sol_0: 114/114
[210/2245] circular-array-loop/sol_0: 116/116
[211/2245] circular-sentence/sol_0: 220/220
[212/2245] clear-digits/sol_0: 72/72
[213/2245] climbing-stairs/sol_0: 16/16
[214/2245] closest-dessert-cost/sol_0: 99/99
[215/2245] closest-divisors/sol_0: 53/53
[216/2245] closest-node-to-path-in-tree/sol_0: 78/78
[217/2245] additive-number/sol_0: 28/93 [timeout@28/93]
[218/2245] clumsy-factorial/sol_0: 38/38
[219/2245] closest-prime-numbers-in-range/sol_0: 95/95
[220/2245] coin-change-ii/sol_0: 124/124
[221/2245] coin-path/sol_0: 110/110
[222/2245] collect-coins-in-a-tree/sol_0: 65/65
[223/2245] collecting-chocolates/sol_0: 100/100
[224/2245] brace-expansion-ii/sol_0: 47/105 [timeout@47/105]
[225/2245] coloring-a-border/sol_0: 79/79
[226/2245] can-i-win/sol_0: 18/75 [timeout@18/75]
[227/2245] combination-sum-ii/sol_0: 103/103
[228/2245] combination-sum-iii/sol_0: 62/62
[229/2245] check-if-an-original-string-exists-given-two-encoded-strings/sol_0: 157/195 [timeout@157/195]
[230/2245] check-if-it-is-possible-to-split-array/sol_0: 59/113 [timeout@59/113]
[231/2245] compare-strings-by-frequency-of-the-smallest-character/sol_0: 100/100
[232/2245] compare-version-numbers/sol_0: 119/119
[233/2245] complement-of-base-10-integer/sol_0: 37/37
[234/2245] complex-number-multiplication/sol_0: 62/62
[235/2245] concatenated-words/sol_0: 6/96
[236/2245] coin-change/sol_0: 127/127
[237/2245] concatenation-of-array/sol_0: 71/71
[238/2245] confusing-number/sol_0: 131/131
[239/2245] concatenation-of-consecutive-binary-numbers/sol_0: 28/28
[240/2245] connecting-cities-with-minimum-cost/sol_0: 79/79
[241/2245] consecutive-characters/sol_0: 70/70
[242/2245] consecutive-numbers-sum/sol_0: 53/53
[243/2245] constrained-subsequence-sum/sol_0: 115/115
[244/2245] construct-binary-tree-from-string/sol_0: 0/0
[245/2245] construct-k-palindrome-strings/sol_0: 100/100
[246/2245] construct-product-matrix/sol_0: 82/82
[247/2245] construct-string-with-repeat-limit/sol_0: 66/66
[248/2245] construct-target-array-with-multiple-sums/sol_0: 99/99
[249/2245] construct-the-longest-new-string/sol_0: 88/88
[250/2245] construct-the-rectangle/sol_0: 74/74
[251/2245] contain-virus/sol_0: 58/58
[252/2245] container-with-most-water/sol_0: 116/116
[253/2245] contains-duplicate/sol_0: 94/94
[254/2245] contains-duplicate-ii/sol_0: 106/106
[255/2245] contiguous-array/sol_0: 111/111
[256/2245] continuous-subarray-sum/sol_0: 121/121
[257/2245] convert-1d-array-into-2d-array/sol_0: 85/85
[258/2245] convert-a-number-to-hexadecimal/sol_0: 60/60
[259/2245] convert-an-array-into-a-2d-array-with-conditions/sol_0: 79/79
[260/2245] convert-integer-to-the-sum-of-two-no-zero-integers/sol_0: 115/115
[261/2245] convert-sorted-list-to-binary-search-tree/sol_0: 0/0
[262/2245] convert-the-temperature/sol_0: 39/39
[263/2245] convert-to-base-2/sol_0: 69/69
[264/2245] convex-polygon/sol_0: 105/105
[265/2245] corporate-flight-bookings/sol_0: 110/110
[266/2245] count-all-possible-routes/sol_0: 96/96
[267/2245] count-all-valid-pickup-and-delivery-options/sol_0: 32/32
[268/2245] count-alternating-subarrays/sol_0: 110/110
[269/2245] count-and-say/sol_0: 28/28
[270/2245] count-array-pairs-divisible-by-k/sol_0: 102/102
[271/2245] count-artifacts-that-can-be-extracted/sol_0: 66/66
[272/2245] count-asterisks/sol_0: 106/106
[273/2245] count-beautiful-substrings-i/sol_0: 90/90
[274/2245] count-binary-substrings/sol_0: 158/158
[275/2245] count-collisions-on-a-road/sol_0: 177/177
[276/2245] count-common-words-with-one-occurrence/sol_0: 103/103
[277/2245] count-complete-subarrays-in-an-array/sol_0: 99/99
[278/2245] count-days-spent-together/sol_0: 116/116
[279/2245] count-days-without-meetings/sol_0: 90/90
[280/2245] count-different-palindromic-subsequences/sol_0: 79/79
[281/2245] count-distinct-numbers-on-board/sol_0: 50/50
[282/2245] count-elements-with-maximum-frequency/sol_0: 116/116
[283/2245] count-elements-with-strictly-smaller-and-greater-elements/sol_0: 120/120
[284/2245] count-equal-and-divisible-pairs-in-an-array/sol_0: 89/89
[285/2245] count-fertile-pyramids-in-a-land/sol_0: 74/74
[286/2245] count-good-meals/sol_0: 101/101
[287/2245] count-good-numbers/sol_0: 29/29
[288/2245] count-good-triplets/sol_0: 101/101
[289/2245] count-good-triplets-in-an-array/sol_0: 100/100
[290/2245] count-hills-and-valleys-in-an-array/sol_0: 154/154
[291/2245] count-increasing-quadruplets/sol_0: 90/90
[292/2245] count-integers-with-even-digit-sum/sol_0: 34/34
[293/2245] count-items-matching-a-rule/sol_0: 108/108
[294/2245] count-k-subsequences-of-a-string-with-maximum-beauty/sol_0: 2/2
[295/2245] count-largest-group/sol_0: 45/45
[296/2245] count-lattice-points-inside-a-circle/sol_0: 114/114
[297/2245] count-negative-numbers-in-a-sorted-matrix/sol_0: 96/96
[298/2245] count-nice-pairs-in-an-array/sol_0: 107/107
[299/2245] count-number-of-bad-pairs/sol_0: 132/132
[300/2245] count-number-of-distinct-integers-after-reverse-operations/sol_0: 103/103
[301/2245] count-number-of-homogenous-substrings/sol_0: 80/80
[302/2245] count-number-of-maximum-bitwise-or-subsets/sol_0: 113/113
[303/2245] count-number-of-nice-subarrays/sol_0: 68/68
[304/2245] count-number-of-pairs-with-absolute-difference-k/sol_0: 106/106
[305/2245] count-number-of-possible-root-nodes/sol_0: 70/70
[306/2245] count-number-of-rectangles-containing-each-point/sol_0: 64/64
[307/2245] count-number-of-teams/sol_0: 114/114
[308/2245] count-number-of-texts/sol_0: 8/8
[309/2245] count-number-of-ways-to-place-houses/sol_0: 33/33
[310/2245] count-numbers-with-unique-digits/sol_0: 11/11
[311/2245] count-numbers-with-unique-digits-ii/sol_0: 78/78
[312/2245] count-odd-numbers-in-an-interval-range/sol_0: 93/93
[313/2245] count-of-interesting-subarrays/sol_0: 110/110
[314/2245] count-of-matches-in-tournament/sol_0: 60/60
[315/2245] count-of-range-sum/sol_0: 101/101
[316/2245] count-of-smaller-numbers-after-self/sol_0: 135/135
[317/2245] color-the-triangle-red/sol_0: 6/30 [timeout@6/30]
[318/2245] confusing-number-ii/sol_0: 60/60
[319/2245] count-operations-to-obtain-zero/sol_0: 78/78
[320/2245] count-pairs-in-two-arrays/sol_0: 73/73
[321/2245] count-pairs-of-connectable-servers-in-a-weighted-tree-network/sol_0: 92/92
[322/2245] count-pairs-of-nodes/sol_0: 50/50
[323/2245] count-pairs-of-similar-strings/sol_0: 101/101
[324/2245] count-pairs-that-form-a-complete-day-i/sol_0: 83/83
[325/2245] count-pairs-that-form-a-complete-day-ii/sol_0: 73/73
[326/2245] count-pairs-whose-sum-is-less-than-target/sol_0: 112/112
[327/2245] count-pairs-with-xor-in-a-range/sol_0: 4/100
[328/2245] count-palindromic-subsequences/sol_0: 149/149
[329/2245] combination-sum/sol_0: 4/114 [timeout@4/114]
[330/2245] count-paths-that-can-form-a-palindrome-in-a-tree/sol_0: 49/49
[331/2245] count-positions-on-street-with-required-brightness/sol_0: 40/40
[332/2245] count-prefix-and-suffix-pairs-i/sol_0: 119/119
[333/2245] count-prefixes-of-a-given-string/sol_0: 146/146
[334/2245] count-sorted-vowel-strings/sol_0: 24/24
[335/2245] count-special-integers/sol_0: 57/57
[336/2245] combination-sum-iv/sol_0: 12/116 [timeout@12/116]
[337/2245] count-square-submatrices-with-all-ones/sol_0: 67/67
[338/2245] count-square-sum-triples/sol_0: 23/23
[339/2245] count-stepping-numbers-in-range/sol_0: 101/101
[340/2245] count-strictly-increasing-subarrays/sol_0: 126/126
[341/2245] combinations/sol_0: 6/60 [timeout@6/60]
[342/2245] count-subarrays-where-max-element-appears-at-least-k-times/sol_0: 90/90
[343/2245] count-subarrays-with-fixed-bounds/sol_0: 116/116
[344/2245] count-subarrays-with-median-k/sol_0: 79/79
[345/2245] count-subarrays-with-more-ones-than-zeros/sol_0: 106/106
[346/2245] count-subarrays-with-score-less-than-k/sol_0: 79/79
[347/2245] count-submatrices-with-all-ones/sol_0: 90/90
[348/2245] count-submatrices-with-equal-frequency-of-x-and-y/sol_0: 45/45
[349/2245] count-submatrices-with-top-left-element-and-sum-less-than-k/sol_0: 104/104
[350/2245] count-substrings-starting-and-ending-with-given-character/sol_0: 105/105
[351/2245] count-substrings-that-differ-by-one-character/sol_0: 156/156
[352/2245] count-substrings-with-only-one-distinct-letter/sol_0: 57/57
[353/2245] count-substrings-without-repeating-character/sol_0: 133/133
[354/2245] count-symmetric-integers/sol_0: 72/72
[355/2245] count-tested-devices-after-test-operations/sol_0: 107/107
[356/2245] count-the-digits-that-divide-a-number/sol_0: 73/73
[357/2245] count-the-hidden-sequences/sol_0: 123/123
[358/2245] count-the-number-of-beautiful-subarrays/sol_0: 121/121
[359/2245] count-the-number-of-complete-components/sol_0: 69/69
[360/2245] count-the-number-of-consistent-strings/sol_0: 66/66
[361/2245] count-the-number-of-fair-pairs/sol_0: 89/89
[362/2245] count-the-number-of-good-subarrays/sol_0: 116/116
[363/2245] count-the-number-of-houses-at-a-certain-distance-i/sol_0: 114/114
[364/2245] count-special-quadruplets/sol_0: 107/107
[365/2245] count-primes/sol_0: 33/33
[366/2245] count-the-number-of-incremovable-subarrays-i/sol_0: 123/123
[367/2245] count-the-number-of-incremovable-subarrays-ii/sol_0: 153/153
[368/2245] count-the-number-of-inversions/sol_0: 84/84
[369/2245] count-the-number-of-k-big-indices/sol_0: 80/80
[370/2245] count-the-number-of-k-free-subsets/sol_0: 95/95
[371/2245] count-the-number-of-powerful-integers/sol_0: 147/147
[372/2245] count-the-number-of-special-characters-i/sol_0: 159/159
[373/2245] count-the-number-of-special-characters-ii/sol_0: 100/100
[374/2245] count-the-number-of-square-free-subsets/sol_0: 0/0
[375/2245] count-the-number-of-vowel-strings-in-range/sol_0: 99/99
[376/2245] count-the-repetitions/sol_0: 108/108
[377/2245] count-total-number-of-colored-cells/sol_0: 37/37
[378/2245] count-triplets-that-can-form-two-arrays-of-equal-xor/sol_0: 93/93
[379/2245] count-triplets-with-even-xor-set-bits-i/sol_0: 77/77
[380/2245] count-triplets-with-even-xor-set-bits-ii/sol_0: 73/73
[381/2245] count-unguarded-cells-in-the-grid/sol_0: 83/83
[382/2245] count-unhappy-friends/sol_0: 37/37
[383/2245] count-unique-characters-of-all-substrings-of-a-given-string/sol_0: 160/160
[384/2245] count-unreachable-pairs-of-nodes-in-an-undirected-graph/sol_0: 55/55
[385/2245] count-valid-paths-in-a-tree/sol_0: 34/34
[386/2245] count-visited-nodes-in-a-directed-graph/sol_0: 91/91
[387/2245] count-vowel-strings-in-ranges/sol_0: 97/97
[388/2245] count-vowel-substrings-of-a-string/sol_0: 110/110
[389/2245] count-vowels-permutation/sol_0: 26/26
[390/2245] count-ways-to-distribute-candies/sol_0: 78/78
[391/2245] count-words-obtained-after-adding-a-letter/sol_0: 68/68
[392/2245] count-zero-request-servers/sol_0: 92/92
[393/2245] counting-bits/sol_0: 50/50
[394/2245] counting-elements/sol_0: 125/125
[395/2245] counting-words-with-a-given-prefix/sol_0: 153/153
[396/2245] couples-holding-hands/sol_0: 81/81
[397/2245] course-schedule/sol_0: 79/79
[398/2245] course-schedule-ii/sol_0: 91/91
[399/2245] course-schedule-iii/sol_0: 130/130
[400/2245] cracking-the-safe/sol_0: 19/19
[401/2245] crawler-log-folder/sol_0: 87/87
[402/2245] create-components-with-same-value/sol_0: 49/49
[403/2245] create-maximum-number/sol_0: 120/120
[404/2245] count-of-sub-multisets-with-bounded-sum/sol_0: 22/89 [timeout@22/89]
[405/2245] create-target-array-in-the-given-order/sol_0: 115/115
[406/2245] critical-connections-in-a-network/sol_0: 71/71
[407/2245] custom-sort-string/sol_0: 117/117
[408/2245] cut-off-trees-for-golf-event/sol_0: 99/99
[409/2245] cutting-ribbons/sol_0: 100/100
[410/2245] cycle-length-queries-in-a-tree/sol_0: 70/70
[411/2245] cyclically-rotating-a-grid/sol_0: 57/57
[412/2245] daily-temperatures/sol_0: 107/107
[413/2245] day-of-the-year/sol_0: 119/119
[414/2245] decode-string/sol_0: 144/144
[415/2245] decode-the-message/sol_0: 204/204
[416/2245] decode-the-slanted-ciphertext/sol_0: 112/112
[417/2245] decode-ways/sol_0: 176/176
[418/2245] decode-ways-ii/sol_0: 157/157
[419/2245] decode-xored-array/sol_0: 97/97
[420/2245] decode-xored-permutation/sol_0: 110/110
[421/2245] decoded-string-at-index/sol_0: 101/101
[422/2245] decompress-run-length-encoded-list/sol_0: 86/86
[423/2245] decrease-elements-to-make-array-zigzag/sol_0: 148/148
[424/2245] decremental-string-concatenation/sol_0: 85/85
[425/2245] decrypt-string-from-alphabet-to-integer-mapping/sol_0: 43/43
[426/2245] defanging-an-ip-address/sol_0: 48/48
[427/2245] defuse-the-bomb/sol_0: 119/119
[428/2245] degree-of-an-array/sol_0: 93/93
[429/2245] delete-and-earn/sol_0: 115/115
[430/2245] delete-characters-to-make-fancy-string/sol_0: 34/34
[431/2245] delete-columns-to-make-sorted/sol_0: 99/99
[432/2245] delete-columns-to-make-sorted-iii/sol_0: 100/100
[433/2245] delete-greatest-value-in-each-row/sol_0: 93/93
[434/2245] delete-operation-for-two-strings/sol_0: 104/104
[435/2245] delete-tree-nodes/sol_0: 76/76
[436/2245] describe-the-painting/sol_0: 98/98
[437/2245] destination-city/sol_0: 74/74
[438/2245] destroy-sequential-targets/sol_0: 127/127
[439/2245] destroying-asteroids/sol_0: 88/88
[440/2245] detect-capital/sol_0: 401/401
[441/2245] detect-pattern-of-length-m-repeated-k-or-more-times/sol_0: 128/128
[442/2245] determine-color-of-a-chessboard-square/sol_0: 74/74
[443/2245] determine-if-a-cell-is-reachable-at-a-given-time/sol_0: 89/89
[444/2245] determine-if-string-halves-are-alike/sol_0: 175/175
[445/2245] determine-if-two-events-have-conflict/sol_0: 109/109
[446/2245] determine-if-two-strings-are-close/sol_0: 106/106
[447/2245] determine-the-minimum-sum-of-a-k-avoiding-array/sol_0: 77/77
[448/2245] determine-the-winner-of-a-bowling-game/sol_0: 93/93
[449/2245] determine-whether-matrix-can-be-obtained-by-rotation/sol_0: 79/79
[450/2245] detonate-the-maximum-bombs/sol_0: 113/113
[451/2245] di-string-match/sol_0: 157/157
[452/2245] diagonal-traverse/sol_0: 62/62
[453/2245] diagonal-traverse-ii/sol_0: 70/70
[454/2245] create-sorted-array-through-instructions/sol_0: 113/113
[455/2245] diet-plan-performance/sol_0: 90/90
[456/2245] difference-between-element-sum-and-digit-sum-of-an-array/sol_0: 99/99
[457/2245] difference-between-maximum-and-minimum-price-sum/sol_0: 58/58
[458/2245] difference-between-ones-and-zeros-in-row-and-column/sol_0: 67/67
[459/2245] difference-of-number-of-distinct-values-on-diagonals/sol_0: 91/91
[460/2245] count-pairs-of-points-with-distance-k/sol_0: 91/91
[461/2245] distance-between-bus-stops/sol_0: 68/68
[462/2245] distance-to-a-cycle-in-undirected-graph/sol_0: 48/48
[463/2245] distant-barcodes/sol_0: 96/96
[464/2245] distinct-echo-substrings/sol_0: 98/98
[465/2245] distinct-numbers-in-each-subarray/sol_0: 108/108
[466/2245] distinct-prime-factors-of-product-of-array/sol_0: 115/115
[467/2245] distinct-subsequences/sol_0: 101/101
[468/2245] distinct-subsequences-ii/sol_0: 53/53
[469/2245] distribute-candies/sol_0: 106/106
[470/2245] distribute-candies-among-children-i/sol_0: 71/71
[471/2245] distribute-candies-among-children-ii/sol_0: 90/90
[472/2245] distribute-candies-among-children-iii/sol_0: 74/74
[473/2245] count-sub-islands/sol_0: 0/67 [timeout]
[474/2245] distribute-elements-into-two-arrays-i/sol_0: 107/107
[475/2245] distribute-elements-into-two-arrays-ii/sol_0: 106/106
[476/2245] distribute-repeating-integers/sol_0: 62/62
[477/2245] divide-a-string-into-groups-of-size-k/sol_0: 110/110
[478/2245] divide-an-array-into-subarrays-with-minimum-cost-i/sol_0: 116/116
[479/2245] divide-array-in-sets-of-k-consecutive-numbers/sol_0: 90/90
[480/2245] divide-array-into-arrays-with-max-difference/sol_0: 95/95
[481/2245] divide-array-into-equal-pairs/sol_0: 91/91
[482/2245] divide-array-into-increasing-sequences/sol_0: 103/103
[483/2245] divide-chocolate/sol_0: 77/77
[484/2245] divide-intervals-into-minimum-number-of-groups/sol_0: 97/97
[485/2245] divide-nodes-into-the-maximum-number-of-groups/sol_0: 83/83
[486/2245] divide-players-into-teams-of-equal-skill/sol_0: 122/122
[487/2245] distribute-candies-to-people/sol_0: 88/88
[488/2245] divisible-and-non-divisible-sums-difference/sol_0: 93/93
[489/2245] divisor-game/sol_0: 51/51
[490/2245] domino-and-tromino-tiling/sol_0: 30/30
[491/2245] dota2-senate/sol_0: 177/177
[492/2245] dungeon-game/sol_0: 98/98
[493/2245] duplicate-zeros/sol_0: 0/0
[494/2245] earliest-possible-day-of-full-bloom/sol_0: 102/102
[495/2245] earliest-second-to-mark-indices-i/sol_0: 113/113
[496/2245] edit-distance/sol_0: 132/132
[497/2245] element-appearing-more-than-25-in-sorted-array/sol_0: 83/83
[498/2245] elements-in-array-after-removing-and-replacing-elements/sol_0: 87/87
[499/2245] eliminate-maximum-number-of-monsters/sol_0: 127/127
[500/2245] elimination-game/sol_0: 78/78
[501/2245] encode-number/sol_0: 138/138
[502/2245] equal-row-and-column-pairs/sol_0: 64/64
[503/2245] equalize-strings-by-adding-or-removing-characters-at-ends/sol_0: 147/147
[504/2245] erect-the-fence/sol_0: 113/113
[505/2245] escape-the-ghosts/sol_0: 138/138
[506/2245] escape-the-spreading-fire/sol_0: 85/85
[507/2245] evaluate-the-bracket-pairs-of-a-string/sol_0: 113/113
[508/2245] excel-sheet-column-number/sol_0: 201/201
[509/2245] excel-sheet-column-title/sol_0: 38/38
[510/2245] execution-of-all-suffix-instructions-staying-in-a-grid/sol_0: 89/89
[511/2245] existence-of-a-substring-in-a-string-and-its-reverse/sol_0: 122/122
[512/2245] expressive-words/sol_0: 71/71
[513/2245] extra-characters-in-a-string/sol_0: 97/97
[514/2245] factor-combinations/sol_0: 7/58
[515/2245] factorial-trailing-zeroes/sol_0: 71/71
[516/2245] fair-candy-swap/sol_0: 25/25
[517/2245] fair-distribution-of-cookies/sol_0: 104/104
[518/2245] faulty-keyboard/sol_0: 171/171
[519/2245] faulty-sensor/sol_0: 125/125
[520/2245] fibonacci-number/sol_0: 17/17
[521/2245] filling-bookcase-shelves/sol_0: 101/101
[522/2245] filter-restaurants-by-vegan-friendly-price-and-distance/sol_0: 90/90
[523/2245] final-prices-with-a-special-discount-in-a-shop/sol_0: 117/117
[524/2245] count-the-number-of-houses-at-a-certain-distance-ii/sol_0: 71/97 [timeout@71/97]
[525/2245] final-value-of-variable-after-performing-operations/sol_0: 88/88
[526/2245] find-a-good-subset-of-the-matrix/sol_0: 67/86
[527/2245] find-a-peak-element-ii/sol_0: 85/85
[528/2245] find-a-value-of-a-mysterious-function-closest-to-target/sol_0: 119/119
[529/2245] find-all-duplicates-in-an-array/sol_0: 61/61
[530/2245] find-all-anagrams-in-a-string/sol_0: 83/102
[531/2245] find-all-good-indices/sol_0: 101/101
[532/2245] find-all-groups-of-farmland/sol_0: 74/74
[533/2245] find-all-k-distant-indices-in-an-array/sol_0: 107/107
[534/2245] find-all-lonely-numbers-in-the-array/sol_0: 148/148
[535/2245] find-all-possible-recipes-from-given-supplies/sol_0: 103/103
[536/2245] find-all-numbers-disappeared-in-an-array/sol_0: 68/68
[537/2245] count-the-number-of-ideal-arrays/sol_0: 10/80 [timeout@10/80]
[538/2245] find-anagram-mappings/sol_0: 38/81
[539/2245] find-and-replace-in-string/sol_0: 96/96
[540/2245] find-and-replace-pattern/sol_0: 118/118
[541/2245] expression-add-operators/sol_0: 73/73
[542/2245] find-center-of-star-graph/sol_0: 58/58
[543/2245] find-champion-i/sol_0: 12/12
[544/2245] find-champion-ii/sol_0: 78/78
[545/2245] find-closest-node-to-given-two-nodes/sol_0: 101/101
[546/2245] find-closest-number-to-zero/sol_0: 128/128
[547/2245] find-common-elements-between-two-arrays/sol_0: 102/102
[548/2245] find-common-characters/sol_0: 103/103
[549/2245] find-duplicate-file-in-system/sol_0: 83/83
[550/2245] find-edges-in-shortest-paths/sol_0: 67/67
[551/2245] find-first-and-last-position-of-element-in-sorted-array/sol_0: 137/137
[552/2245] find-eventual-safe-states/sol_0: 81/81
[553/2245] find-first-palindromic-string-in-the-array/sol_0: 104/104
[554/2245] find-good-days-to-rob-the-bank/sol_0: 123/123
[555/2245] find-if-array-can-be-sorted/sol_0: 135/135
[556/2245] find-greatest-common-divisor-of-array/sol_0: 117/117
[557/2245] find-if-digit-game-can-be-won/sol_0: 121/121
[558/2245] find-indices-with-index-and-value-difference-i/sol_0: 137/137
[559/2245] find-all-possible-stable-binary-arrays-i/sol_0: 128/128
[560/2245] find-indices-with-index-and-value-difference-ii/sol_0: 126/126
[561/2245] find-k-closest-elements/sol_0: 128/128
[562/2245] find-k-pairs-with-smallest-sums/sol_0: 102/102
[563/2245] find-k-th-smallest-pair-distance/sol_0: 76/76
[564/2245] find-k-length-substrings-with-no-repeated-characters/sol_0: 102/102
[565/2245] find-kth-bit-in-nth-binary-string/sol_0: 85/85
[566/2245] find-kth-largest-xor-coordinate-value/sol_0: 87/87
[567/2245] find-latest-group-of-size-m/sol_0: 106/106
[568/2245] find-longest-special-substring-that-occurs-thrice-i/sol_0: 95/95
[569/2245] find-longest-awesome-substring/sol_0: 133/133
[570/2245] find-longest-self-contained-substring/sol_0: 87/87
[571/2245] find-lucky-integer-in-an-array/sol_0: 61/61
[572/2245] find-longest-special-substring-that-occurs-thrice-ii/sol_0: 22/22
[573/2245] find-maximal-uncovered-ranges/sol_0: 101/101
[574/2245] find-maximum-non-decreasing-array-length/sol_0: 111/111
[575/2245] find-minimum-in-rotated-sorted-array/sol_0: 95/95
[576/2245] find-maximum-number-of-string-pairs/sol_0: 65/65
[577/2245] find-minimum-in-rotated-sorted-array-ii/sol_0: 120/120
[578/2245] find-minimum-time-to-finish-all-jobs-ii/sol_0: 89/89
[579/2245] find-missing-and-repeated-values/sol_0: 69/69
[580/2245] find-missing-observations/sol_0: 118/118
[581/2245] find-n-unique-integers-sum-up-to-zero/sol_0: 60/60
[582/2245] find-nearest-point-that-has-the-same-x-or-y-coordinate/sol_0: 121/121
[583/2245] find-all-possible-stable-binary-arrays-ii/sol_0: 72/72
[584/2245] find-number-of-coins-to-place-in-tree-nodes/sol_0: 47/47
[585/2245] find-number-of-ways-to-reach-the-k-th-stair/sol_0: 79/79
[586/2245] find-numbers-with-even-number-of-digits/sol_0: 110/110
[587/2245] find-occurrences-of-an-element-in-an-array/sol_0: 81/81
[588/2245] find-original-array-from-doubled-array/sol_0: 124/124
[589/2245] find-palindrome-with-fixed-length/sol_0: 110/110
[590/2245] find-peak-element/sol_0: 92/92
[591/2245] find-pivot-index/sol_0: 95/95
[592/2245] find-permutation/sol_0: 243/243
[593/2245] find-players-with-zero-or-one-losses/sol_0: 69/69
[594/2245] find-polygon-with-the-largest-perimeter/sol_0: 95/95
[595/2245] find-resultant-array-after-removing-anagrams/sol_0: 86/86
[596/2245] find-right-interval/sol_0: 113/113
[597/2245] find-score-of-an-array-after-marking-all-elements/sol_0: 112/112
[598/2245] find-smallest-common-element-in-all-rows/sol_0: 90/90
[599/2245] find-shortest-path-with-k-hops/sol_0: 65/65
[600/2245] find-smallest-letter-greater-than-target/sol_0: 93/93
[601/2245] find-subarray-with-bitwise-or-closest-to-k/sol_0: 124/124
[602/2245] find-subarrays-with-equal-sum/sol_0: 119/119
[603/2245] find-subsequence-of-length-k-with-the-largest-sum/sol_0: 99/99
[604/2245] find-substring-with-given-hash-value/sol_0: 96/96
[605/2245] find-target-indices-after-sorting-array/sol_0: 118/118
[606/2245] find-the-array-concatenation-value/sol_0: 120/120
[607/2245] find-the-child-who-has-the-ball-after-k-seconds/sol_0: 82/82
[608/2245] find-the-closest-marked-node/sol_0: 74/74
[609/2245] find-the-city-with-the-smallest-number-of-neighbors-at-a-threshold-distance/sol_0: 61/61
[610/2245] find-the-closest-palindrome/sol_0: 114/114
[611/2245] find-the-difference/sol_0: 89/89
[612/2245] find-the-difference-of-two-arrays/sol_0: 79/112
[613/2245] find-the-distance-value-between-two-arrays/sol_0: 115/115
[614/2245] find-the-distinct-difference-array/sol_0: 107/107
[615/2245] find-the-divisibility-array-of-a-string/sol_0: 6/6
[616/2245] find-the-duplicate-number/sol_0: 87/87
[617/2245] find-the-encrypted-string/sol_0: 88/88
[618/2245] find-the-first-player-to-win-k-games-in-a-row/sol_0: 128/128
[619/2245] find-the-grid-of-region-average/sol_0: 90/90
[620/2245] find-the-highest-altitude/sol_0: 110/110
[621/2245] find-the-index-of-permutation/sol_0: 97/97
[622/2245] find-the-index-of-the-first-occurrence-in-a-string/sol_0: 144/144
[623/2245] find-the-integer-added-to-array-i/sol_0: 100/100
[624/2245] find-the-integer-added-to-array-ii/sol_0: 0/0
[625/2245] find-the-k-beauty-of-a-number/sol_0: 90/90
[626/2245] find-the-k-or-of-an-array/sol_0: 92/92
[627/2245] find-the-k-th-lucky-number/sol_0: 111/111
[628/2245] find-the-kth-largest-integer-in-the-array/sol_0: 113/113
[629/2245] find-the-kth-smallest-sum-of-a-matrix-with-sorted-rows/sol_0: 85/85
[630/2245] find-the-largest-area-of-square-inside-two-rectangles/sol_0: 102/102
[631/2245] find-the-length-of-the-longest-common-prefix/sol_0: 121/121
[632/2245] find-the-longest-balanced-substring-of-a-binary-string/sol_0: 185/185
[633/2245] find-the-longest-equal-subarray/sol_0: 120/120
[634/2245] find-the-longest-semi-repetitive-substring/sol_0: 197/197
[635/2245] find-the-longest-substring-containing-vowels-in-even-counts/sol_0: 77/77
[636/2245] find-the-longest-valid-obstacle-course-at-each-position/sol_0: 128/128
[637/2245] find-the-losers-of-the-circular-game/sol_0: 73/73
[638/2245] find-the-maximum-achievable-number/sol_0: 82/82
[639/2245] find-the-maximum-divisibility-score/sol_0: 131/131
[640/2245] find-the-maximum-length-of-a-good-subsequence-i/sol_0: 109/109
[641/2245] find-the-maximum-length-of-valid-subsequence-i/sol_0: 115/115
[642/2245] find-the-maximum-length-of-valid-subsequence-ii/sol_0: 125/125
[643/2245] find-the-maximum-number-of-elements-in-subset/sol_0: 86/86
[644/2245] find-the-maximum-number-of-marked-indices/sol_0: 119/119
[645/2245] find-the-maximum-sum-of-node-values/sol_0: 91/91
[646/2245] find-the-median-of-the-uniqueness-array/sol_0: 101/101
[647/2245] find-the-middle-index-in-array/sol_0: 94/94
[648/2245] find-the-minimum-area-to-cover-all-ones-i/sol_0: 76/76
[649/2245] find-the-minimum-area-to-cover-all-ones-ii/sol_0: 62/62
[650/2245] find-minimum-time-to-finish-all-jobs/sol_0: 111/111
[651/2245] find-the-minimum-number-of-fibonacci-numbers-whose-sum-is-k/sol_0: 70/70
[652/2245] find-the-minimum-possible-sum-of-a-beautiful-array/sol_0: 91/91
[653/2245] find-the-most-competitive-subsequence/sol_0: 106/106
[654/2245] find-the-n-th-value-after-k-seconds/sol_0: 63/63
[655/2245] find-the-number-of-distinct-colors-among-the-balls/sol_0: 47/47
[656/2245] find-the-number-of-good-pairs-i/sol_0: 106/106
[657/2245] find-the-number-of-good-pairs-ii/sol_0: 93/93
[658/2245] find-the-number-of-subarrays-where-boundary-elements-are-maximum/sol_0: 110/110
[659/2245] find-the-number-of-ways-to-place-people-i/sol_0: 111/111
[660/2245] find-the-number-of-ways-to-place-people-ii/sol_0: 120/120
[661/2245] find-the-number-of-winning-players/sol_0: 69/69
[662/2245] find-the-original-array-of-prefix-xor/sol_0: 98/98
[663/2245] find-the-peaks/sol_0: 115/115
[664/2245] find-the-pivot-integer/sol_0: 52/52
[665/2245] find-the-prefix-common-array-of-two-arrays/sol_0: 72/72
[666/2245] find-the-punishment-number-of-an-integer/sol_0: 21/21
[667/2245] find-the-score-of-all-prefixes-of-an-array/sol_0: 94/94
[668/2245] find-the-k-sum-of-an-array/sol_0: 105/105
[669/2245] find-the-smallest-divisor-given-a-threshold/sol_0: 81/81
[670/2245] find-the-student-that-will-replace-the-chalk/sol_0: 92/92
[671/2245] find-the-substring-with-maximum-cost/sol_0: 127/127
[672/2245] find-the-sum-of-encrypted-integers/sol_0: 102/102
[673/2245] find-the-sum-of-subsequence-powers/sol_0: 120/120
[674/2245] find-the-sum-of-the-power-of-all-subsequences/sol_0: 103/103
[675/2245] find-the-town-judge/sol_0: 86/86
[676/2245] find-the-value-of-the-partition/sol_0: 106/106
[677/2245] find-the-width-of-columns-of-a-grid/sol_0: 96/96
[678/2245] find-the-winner-of-an-array-game/sol_0: 105/105
[679/2245] find-the-xor-of-numbers-which-appear-twice/sol_0: 120/120
[680/2245] find-three-consecutive-integers-that-sum-to-a-given-number/sol_0: 52/52
[681/2245] find-triangular-sum-of-an-array/sol_0: 96/96
[682/2245] find-two-non-overlapping-sub-arrays-each-with-target-sum/sol_0: 85/85
[683/2245] find-unique-binary-string/sol_0: 54/54
[684/2245] find-valid-matrix-given-row-and-column-sums/sol_0: 113/113
[685/2245] find-winner-on-a-tic-tac-toe-game/sol_0: 114/114
[686/2245] find-words-containing-character/sol_0: 141/141
[687/2245] find-words-that-can-be-formed-by-characters/sol_0: 134/134
[688/2245] find-xor-beauty-of-array/sol_0: 97/97
[689/2245] find-xor-sum-of-all-pairs-bitwise-and/sol_0: 103/103
[690/2245] finding-3-digit-even-numbers/sol_0: 91/91
[691/2245] finding-the-number-of-visible-mountains/sol_0: 129/129
[692/2245] finding-the-users-active-minutes/sol_0: 108/108
[693/2245] first-completely-painted-row-or-column/sol_0: 71/71
[694/2245] first-day-where-you-have-been-in-all-the-rooms/sol_0: 110/110
[695/2245] first-letter-to-appear-twice/sol_0: 130/130
[696/2245] first-missing-positive/sol_0: 126/126
[697/2245] first-unique-character-in-a-string/sol_0: 91/91
[698/2245] fixed-point/sol_0: 118/118
[699/2245] fizz-buzz/sol_0: 56/56
[700/2245] flatten-binary-tree-to-linked-list/sol_0: 0/0
[701/2245] flip-columns-for-maximum-number-of-equal-rows/sol_0: 88/88
[702/2245] flip-equivalent-binary-trees/sol_0: 0/2 [compile_fail]
[703/2245] flip-game/sol_0: 129/129
[704/2245] find-the-shortest-superstring/sol_0: 96/96
[705/2245] flip-string-to-monotone-increasing/sol_0: 143/143
[706/2245] flipping-an-image/sol_0: 61/61
[707/2245] flood-fill/sol_0: 88/88
[708/2245] flower-planting-with-no-adjacent/sol_0: 59/59
[709/2245] form-array-by-concatenating-subarrays-of-another-array/sol_0: 148/148
[710/2245] form-largest-integer-with-digits-that-add-up-to-target/sol_0: 110/110
[711/2245] form-smallest-number-from-two-digit-arrays/sol_0: 97/97
[712/2245] four-divisors/sol_0: 136/136
[713/2245] fraction-addition-and-subtraction/sol_0: 126/126
[714/2245] dice-roll-simulation/sol_0: 10/52 [timeout@10/52]
[715/2245] freedom-trail/sol_0: 0/0
[716/2245] frequency-of-the-most-frequent-element/sol_0: 99/99
[717/2245] friends-of-appropriate-ages/sol_0: 102/102
[718/2245] different-ways-to-add-parentheses/sol_0: 40/203 [timeout@40/203]
[719/2245] frog-jump/sol_0: 82/82
[720/2245] frog-jump-ii/sol_0: 106/106
[721/2245] frog-position-after-t-seconds/sol_0: 64/64
[722/2245] fruit-into-baskets/sol_0: 98/98
[723/2245] furthest-building-you-can-reach/sol_0: 118/118
[724/2245] furthest-point-from-origin/sol_0: 151/151
[725/2245] game-of-life/sol_0: 0/0
[726/2245] gas-station/sol_0: 96/96
[727/2245] find-the-derangement-of-an-array/sol_0: 1/24 [timeout@1/24]
[728/2245] find-the-minimum-cost-array-permutation/sol_0: 15/113 [timeout@15/113]
[729/2245] generate-a-string-with-characters-that-have-odd-counts/sol_0: 58/58
[730/2245] generate-binary-strings-without-adjacent-zeros/sol_0: 14/14
[731/2245] generate-parentheses/sol_0: 8/8
[732/2245] get-equal-substrings-within-budget/sol_0: 95/95
[733/2245] get-maximum-in-generated-array/sol_0: 31/31
[734/2245] get-the-maximum-score/sol_0: 110/110
[735/2245] get-watched-videos-by-your-friends/sol_0: 67/67
[736/2245] global-and-local-inversions/sol_0: 109/109
[737/2245] goal-parser-interpretation/sol_0: 95/95
[738/2245] goat-latin/sol_0: 135/135
[739/2245] flip-game-ii/sol_0: 37/137 [timeout@37/137]
[740/2245] graph-valid-tree/sol_0: 85/85
[741/2245] gray-code/sol_0: 16/16
[742/2245] greatest-common-divisor-of-strings/sol_0: 175/175
[743/2245] greatest-english-letter-in-upper-and-lower-case/sol_0: 117/117
[744/2245] greatest-sum-divisible-by-three/sol_0: 139/139
[745/2245] grid-game/sol_0: 75/75
[746/2245] grid-illumination/sol_0: 85/85
[747/2245] group-anagrams/sol_0: 69/69
[748/2245] group-shifted-strings/sol_0: 87/87
[749/2245] group-the-people-given-the-group-size-they-belong-to/sol_0: 83/83
[750/2245] groups-of-special-equivalent-strings/sol_0: 81/81
[751/2245] groups-of-strings/sol_0: 70/70
[752/2245] grumpy-bookstore-owner/sol_0: 89/89
[753/2245] guess-number-higher-or-lower-ii/sol_0: 28/28
[754/2245] h-index/sol_0: 79/79
[755/2245] h-index-ii/sol_0: 80/80
[756/2245] hamming-distance/sol_0: 88/88
[757/2245] hand-of-straights/sol_0: 81/81
[758/2245] handshakes-that-dont-cross/sol_0: 39/39
[759/2245] happy-number/sol_0: 55/55
[760/2245] happy-students/sol_0: 120/120
[761/2245] fraction-to-recurring-decimal/sol_0: 49/86 [timeout@49/86]
[762/2245] harshad-number/sol_0: 53/53
[763/2245] heaters/sol_0: 108/108
[764/2245] height-checker/sol_0: 115/115
[765/2245] hexspeak/sol_0: 87/87
[766/2245] high-access-employees/sol_0: 120/120
[767/2245] high-five/sol_0: 79/79
[768/2245] house-robber/sol_0: 117/117
[769/2245] house-robber-ii/sol_0: 122/122
[770/2245] house-robber-iv/sol_0: 105/105
[771/2245] how-many-apples-can-you-put-into-the-basket/sol_0: 59/59
[772/2245] how-many-numbers-are-smaller-than-the-current-number/sol_0: 110/110
[773/2245] html-entity-parser/sol_0: 47/47
[774/2245] image-overlap/sol_0: 75/75
[775/2245] image-smoother/sol_0: 81/81
[776/2245] increasing-decreasing-string/sol_0: 69/69
[777/2245] increasing-triplet-subsequence/sol_0: 124/124
[778/2245] incremental-memory-leak/sol_0: 81/81
[779/2245] index-pairs-of-a-string/sol_0: 89/89
[780/2245] insert-interval/sol_0: 0/166 [compile_fail]
[781/2245] integer-break/sol_0: 30/30
[782/2245] integer-replacement/sol_0: 37/37
[783/2245] integer-to-english-words/sol_0: 74/74
[784/2245] integer-to-roman/sol_0: 77/77
[785/2245] interleaving-string/sol_0: 132/132
[786/2245] intersection-of-multiple-arrays/sol_0: 93/93
[787/2245] intersection-of-three-sorted-arrays/sol_0: 84/84
[788/2245] intersection-of-two-arrays/sol_0: 102/124
[789/2245] intersection-of-two-arrays-ii/sol_0: 137/137
[790/2245] ipo/sol_0: 131/131
[791/2245] is-array-a-preorder-of-some-binary-tree/sol_0: 89/89
[792/2245] game-of-nim/sol_0: 1/79 [timeout@1/79]
[793/2245] is-subsequence/sol_0: 69/69
[794/2245] gcd-sort-of-an-array/sol_0: 14/168 [timeout@14/168]
[795/2245] island-perimeter/sol_0: 72/72
[796/2245] isomorphic-strings/sol_0: 131/131
[797/2245] jewels-and-stones/sol_0: 103/103
[798/2245] jump-game/sol_0: 66/66
[799/2245] jump-game-ii/sol_0: 44/44
[800/2245] jump-game-iii/sol_0: 111/111
[801/2245] jump-game-iv/sol_0: 60/60
[802/2245] jump-game-vi/sol_0: 92/92
[803/2245] jump-game-vii/sol_0: 49/49
[804/2245] jump-game-viii/sol_0: 115/115
[805/2245] k-closest-points-to-origin/sol_0: 98/98
[806/2245] k-concatenation-maximum-sum/sol_0: 106/106
[807/2245] k-diff-pairs-in-an-array/sol_0: 126/126
[808/2245] k-divisible-elements-subarrays/sol_0: 135/135
[809/2245] k-empty-slots/sol_0: 115/115
[810/2245] is-graph-bipartite/sol_0: 0/103 [no output]
[811/2245] k-items-with-the-maximum-sum/sol_0: 105/105
[812/2245] k-radius-subarray-averages/sol_0: 94/94
[813/2245] k-similar-strings/sol_0: 47/47
[814/2245] jump-game-v/sol_0: 122/122
[815/2245] k-th-smallest-prime-fraction/sol_0: 51/51
[816/2245] keep-multiplying-found-values-by-two/sol_0: 115/115
[817/2245] keyboard-row/sol_0: 81/81
[818/2245] keys-and-rooms/sol_0: 86/86
[819/2245] kids-with-the-greatest-number-of-candies/sol_0: 81/81
[820/2245] kill-process/sol_0: 66/66
[821/2245] knight-dialer/sol_0: 42/42
[822/2245] knight-probability-in-chessboard/sol_0: 79/79
[823/2245] koko-eating-bananas/sol_0: 124/124
[824/2245] kth-distinct-string-in-an-array/sol_0: 110/110
[825/2245] kth-largest-element-in-an-array/sol_0: 78/78
[826/2245] kth-missing-positive-number/sol_0: 109/109
[827/2245] k-th-smallest-in-lexicographical-order/sol_0: 95/95
[828/2245] kth-smallest-element-in-a-sorted-matrix/sol_0: 88/88
[829/2245] kth-smallest-instructions/sol_0: 93/93
[830/2245] kth-smallest-number-in-multiplication-table/sol_0: 95/95
[831/2245] kth-smallest-subarray-sum/sol_0: 88/88
[832/2245] largest-1-bordered-square/sol_0: 64/64
[833/2245] largest-3-same-digit-number-in-string/sol_0: 133/133
[834/2245] largest-color-value-in-a-directed-graph/sol_0: 84/84
[835/2245] largest-combination-with-bitwise-and-greater-than-zero/sol_0: 92/92
[836/2245] largest-divisible-subset/sol_0: 109/109
[837/2245] largest-element-in-an-array-after-merge-operations/sol_0: 124/124
[838/2245] largest-local-values-in-a-matrix/sol_0: 56/56
[839/2245] largest-magic-square/sol_0: 80/80
[840/2245] largest-merge-of-two-strings/sol_0: 138/138
[841/2245] largest-multiple-of-three/sol_0: 72/72
[842/2245] largest-number/sol_0: 150/150
[843/2245] largest-number-after-digit-swaps-by-parity/sol_0: 78/78
[844/2245] largest-number-after-mutating-substring/sol_0: 125/125
[845/2245] largest-number-at-least-twice-of-others/sol_0: 142/142
[846/2245] largest-odd-number-in-string/sol_0: 140/140
[847/2245] generalized-abbreviation/sol_0: 35/84 [timeout@35/84]
[848/2245] largest-palindromic-number/sol_0: 50/50
[849/2245] largest-perimeter-triangle/sol_0: 114/114
[850/2245] graph-connectivity-with-threshold/sol_0: 26/63 [timeout@26/63]
[851/2245] largest-positive-integer-that-exists-with-its-negative/sol_0: 116/116
[852/2245] largest-rectangle-in-histogram/sol_0: 96/96
[853/2245] largest-subarray-length-k/sol_0: 123/123
[854/2245] largest-submatrix-with-rearrangements/sol_0: 83/83
[855/2245] largest-substring-between-two-equal-characters/sol_0: 74/74
[856/2245] largest-sum-of-averages/sol_0: 102/102
[857/2245] largest-time-for-given-digits/sol_0: 123/123
[858/2245] largest-triangle-area/sol_0: 109/109
[859/2245] largest-unique-number/sol_0: 89/89
[860/2245] largest-values-from-labels/sol_0: 99/99
[861/2245] last-day-where-you-can-still-cross/sol_0: 54/54
[862/2245] last-moment-before-all-ants-fall-out-of-a-plank/sol_0: 126/126
[863/2245] last-stone-weight/sol_0: 124/124
[864/2245] largest-palindrome-product/sol_0: 8/8
[865/2245] last-substring-in-lexicographical-order/sol_0: 80/80
[866/2245] latest-time-by-replacing-hidden-digits/sol_0: 96/96
[867/2245] latest-time-you-can-obtain-after-replacing-characters/sol_0: 87/87
[868/2245] least-number-of-unique-integers-after-k-removals/sol_0: 69/69
[869/2245] last-stone-weight-ii/sol_0: 99/99
[870/2245] lemonade-change/sol_0: 106/106
[871/2245] length-of-last-word/sol_0: 48/48
[872/2245] length-of-longest-fibonacci-subsequence/sol_0: 122/122
[873/2245] length-of-longest-subarray-with-at-most-k-frequency/sol_0: 107/107
[874/2245] length-of-the-longest-alphabetical-continuous-substring/sol_0: 115/115
[875/2245] length-of-the-longest-subsequence-that-sums-to-target/sol_0: 110/110
[876/2245] length-of-the-longest-valid-substring/sol_0: 76/76
[877/2245] letter-case-permutation/sol_0: 117/117
[878/2245] letter-combinations-of-a-phone-number/sol_0: 80/80
[879/2245] increment-submatrices-by-one/sol_0: 44/83 [timeout@44/83]
[880/2245] lexicographically-minimum-string-after-removing-stars/sol_0: 70/70
[881/2245] lexicographically-smallest-beautiful-string/sol_0: 103/103
[882/2245] lexicographically-smallest-palindrome/sol_0: 216/216
[883/2245] lexicographically-smallest-string-after-a-swap/sol_0: 124/124
[884/2245] lexicographically-smallest-string-after-applying-operations/sol_0: 0/109
[885/2245] lexicographically-smallest-string-after-operations-with-constraint/sol_0: 110/110
[886/2245] lexicographically-smallest-string-after-substring-operation/sol_0: 102/102
[887/2245] license-key-formatting/sol_0: 105/105
[888/2245] line-reflection/sol_0: 138/138
[889/2245] lonely-pixel-i/sol_0: 78/78
[890/2245] lonely-pixel-ii/sol_0: 94/94
[891/2245] long-pressed-name/sol_0: 140/140
[892/2245] longer-contiguous-segments-of-ones-than-zeros/sol_0: 161/161
[893/2245] longest-absolute-file-path/sol_0: 53/53
[894/2245] longest-alternating-subarray/sol_0: 157/157
[895/2245] longest-arithmetic-subsequence/sol_0: 159/159
[896/2245] longest-arithmetic-subsequence-of-given-difference/sol_0: 154/154
[897/2245] longest-binary-subsequence-less-than-or-equal-to-k/sol_0: 101/101
[898/2245] longest-chunked-palindrome-decomposition/sol_0: 181/181
[899/2245] longest-common-prefix/sol_0: 148/148
[900/2245] longest-common-subpath/sol_0: 55/55
[901/2245] longest-common-subsequence/sol_0: 146/146
[902/2245] longest-common-subsequence-between-sorted-arrays/sol_0: 96/96
[903/2245] longest-common-suffix-queries/sol_0: 0/90
[904/2245] longest-consecutive-sequence/sol_0: 138/138
[905/2245] longest-continuous-increasing-subsequence/sol_0: 134/134
[906/2245] longest-cycle-in-a-graph/sol_0: 109/109
[907/2245] k-inverse-pairs-array/sol_0: 33/80 [timeout@33/80]
[908/2245] longest-duplicate-substring/sol_0: 117/117
[909/2245] longest-even-odd-subarray-with-threshold/sol_0: 124/124
[910/2245] longest-happy-prefix/sol_0: 162/162
[911/2245] longest-happy-string/sol_0: 92/92
[912/2245] longest-harmonious-subsequence/sol_0: 116/116
[913/2245] longest-ideal-subsequence/sol_0: 85/85
[914/2245] longest-increasing-path-in-a-matrix/sol_0: 88/88
[915/2245] longest-increasing-subsequence/sol_0: 134/134
[916/2245] longest-line-of-consecutive-one-in-matrix/sol_0: 91/91
[917/2245] longest-mountain-in-array/sol_0: 160/160
[918/2245] longest-nice-subarray/sol_0: 115/115
[919/2245] longest-non-decreasing-subarray-from-two-arrays/sol_0: 125/125
[920/2245] longest-palindrome/sol_0: 68/68
[921/2245] longest-palindrome-by-concatenating-two-letter-words/sol_0: 52/52
[922/2245] longest-palindromic-subsequence/sol_0: 100/100
[923/2245] kth-smallest-amount-with-single-denomination-combination/sol_0: 90/110 [timeout@90/110]
[924/2245] longest-palindromic-substring/sol_0: 124/124
[925/2245] longest-path-with-different-adjacent-characters/sol_0: 49/49
[926/2245] longest-repeating-character-replacement/sol_0: 105/105
[927/2245] longest-repeating-substring/sol_0: 99/99
[928/2245] longest-square-streak-in-an-array/sol_0: 132/132
[929/2245] longest-strictly-increasing-or-strictly-decreasing-subarray/sol_0: 139/139
[930/2245] longest-string-chain/sol_0: 84/84
[931/2245] longest-subarray-of-1s-after-deleting-one-element/sol_0: 92/92
[932/2245] longest-subarray-with-maximum-bitwise-and/sol_0: 42/42
[933/2245] longest-subsequence-repeated-k-times/sol_0: 89/89
[934/2245] longest-subsequence-with-limited-sum/sol_0: 108/108
[935/2245] longest-substring-of-all-vowels-in-order/sol_0: 20/20
[936/2245] longest-substring-with-at-least-k-repeating-characters/sol_0: 109/109
[937/2245] longest-substring-with-at-most-k-distinct-characters/sol_0: 118/118
[938/2245] longest-substring-with-at-most-two-distinct-characters/sol_0: 80/80
[939/2245] longest-substring-without-repeating-characters/sol_0: 36/36
[940/2245] longest-turbulent-subarray/sol_0: 150/150
[941/2245] longest-uncommon-subsequence-i/sol_0: 125/125
[942/2245] longest-uncommon-subsequence-ii/sol_0: 106/106
[943/2245] longest-valid-parentheses/sol_0: 133/133
[944/2245] longest-well-performing-interval/sol_0: 99/99
[945/2245] longest-word-in-dictionary/sol_0: 46/116
[946/2245] longest-word-in-dictionary-through-deleting/sol_0: 94/94
[947/2245] longest-word-with-all-prefixes/sol_0: 32/115
[948/2245] loud-and-rich/sol_0: 100/100
[949/2245] lucky-numbers-in-a-matrix/sol_0: 87/87
[950/2245] magic-squares-in-grid/sol_0: 82/82
[951/2245] longest-nice-substring/sol_0: 152/152
[952/2245] magnetic-force-between-two-balls/sol_0: 87/87
[953/2245] majority-element/sol_0: 45/45
[954/2245] majority-element-ii/sol_0: 77/77
[955/2245] make-a-square-with-the-same-color/sol_0: 10/10
[956/2245] make-array-non-decreasing-or-non-increasing/sol_0: 136/136
[957/2245] make-array-zero-by-subtracting-equal-amounts/sol_0: 116/116
[958/2245] make-costs-of-paths-equal-in-a-binary-tree/sol_0: 50/50
[959/2245] make-k-subarray-sums-equal/sol_0: 102/102
[960/2245] make-lexicographically-smallest-array-by-swapping-elements/sol_0: 138/138
[961/2245] make-number-of-distinct-characters-equal/sol_0: 119/119
[962/2245] make-string-a-subsequence-using-cyclic-increments/sol_0: 153/153
[963/2245] make-string-anti-palindrome/sol_0: 54/54
[964/2245] make-sum-divisible-by-p/sol_0: 76/76
[965/2245] make-the-prefix-sum-non-negative/sol_0: 107/107
[966/2245] make-the-string-great/sol_0: 107/107
[967/2245] largest-plus-sign/sol_0: 12/91 [timeout@12/91]
[968/2245] make-three-strings-equal/sol_0: 126/126
[969/2245] make-two-arrays-equal-by-reversing-subarrays/sol_0: 122/122
[970/2245] making-a-large-island/sol_0: 81/81
[971/2245] map-of-highest-peak/sol_0: 68/68
[972/2245] mark-elements-on-array-by-performing-queries/sol_0: 111/111
[973/2245] masking-personal-information/sol_0: 187/187
[974/2245] match-alphanumerical-pattern-in-matrix-i/sol_0: 96/96
[975/2245] match-substring-after-replacement/sol_0: 79/79
[976/2245] least-operators-to-express-number/sol_0: 50/161 [timeout@57/161]
[977/2245] matrix-block-sum/sol_0: 88/88
[978/2245] matrix-cells-in-distance-order/sol_0: 77/77
[979/2245] matrix-diagonal-sum/sol_0: 54/54
[980/2245] matrix-similarity-after-cyclic-shifts/sol_0: 99/99
[981/2245] max-area-of-island/sol_0: 59/59
[982/2245] max-chunks-to-make-sorted/sol_0: 127/127
[983/2245] max-chunks-to-make-sorted-ii/sol_0: 149/149
[984/2245] max-consecutive-ones/sol_0: 97/97
[985/2245] max-consecutive-ones-ii/sol_0: 86/86
[986/2245] max-consecutive-ones-iii/sol_0: 77/77
[987/2245] max-difference-you-can-get-from-changing-an-integer/sol_0: 81/81
[988/2245] max-dot-product-of-two-subsequences/sol_0: 109/109
[989/2245] max-increase-to-keep-city-skyline/sol_0: 69/69
[990/2245] max-number-of-k-sum-pairs/sol_0: 68/68
[991/2245] max-pair-sum-in-an-array/sol_0: 126/126
[992/2245] max-points-on-a-line/sol_0: 108/108
[993/2245] max-sum-of-a-pair-with-equal-sum-of-digits/sol_0: 121/121
[994/2245] max-value-of-equation/sol_0: 0/0
[995/2245] maximal-network-rank/sol_0: 40/40
[996/2245] maximal-range-that-each-element-is-maximum-in-it/sol_0: 114/114
[997/2245] maximal-score-after-applying-k-operations/sol_0: 89/89
[998/2245] maximal-square/sol_0: 68/68
[999/2245] maximize-area-of-square-hole-in-grid/sol_0: 100/100
[1000/2245] maximize-consecutive-elements-in-an-array-after-modification/sol_0: 144/144
[1001/2245] maximize-greatness-of-an-array/sol_0: 86/86
[1002/2245] maximize-happiness-of-selected-children/sol_0: 100/100
[1003/2245] maximize-number-of-nice-divisors/sol_0: 3/3
[1004/2245] maximize-number-of-subsequences-in-a-string/sol_0: 138/138
[1005/2245] maximize-palindrome-length-from-subsequences/sol_0: 120/120
[1006/2245] maximize-sum-of-array-after-k-negations/sol_0: 121/121
[1007/2245] maximize-the-beauty-of-the-garden/sol_0: 126/126
[1008/2245] maximize-the-confusion-of-an-exam/sol_0: 141/141
[1009/2245] maximize-the-minimum-powered-city/sol_0: 118/118
[1010/2245] maximize-the-number-of-partitions-after-operations/sol_0: 113/113
[1011/2245] maximize-the-profit-as-the-salesman/sol_0: 90/90
[1012/2245] maximize-the-topmost-element-after-k-moves/sol_0: 148/148
[1013/2245] maximize-total-cost-of-alternating-subarrays/sol_0: 105/105
[1014/2245] lexicographical-numbers/sol_0: 42/68 [timeout@42/68]
[1015/2245] maximize-value-of-function-in-a-ball-passing-game/sol_0: 109/109
[1016/2245] maximize-win-from-two-segments/sol_0: 98/98
[1017/2245] maximum-absolute-sum-of-any-subarray/sol_0: 110/110
[1018/2245] maximum-alternating-subarray-sum/sol_0: 130/130
[1019/2245] maximum-alternating-subsequence-sum/sol_0: 96/96
[1020/2245] longest-palindromic-subsequence-ii/sol_0: 30/121 [timeout@30/121]
[1021/2245] maximum-area-of-a-piece-of-cake-after-horizontal-and-vertical-cuts/sol_0: 92/92
[1022/2245] maximum-area-of-longest-diagonal-rectangle/sol_0: 107/107
[1023/2245] maximum-array-hopping-score-i/sol_0: 105/105
[1024/2245] maximum-array-hopping-score-ii/sol_0: 109/109
[1025/2245] maximum-ascending-subarray-sum/sol_0: 128/128
[1026/2245] maximum-average-pass-ratio/sol_0: 101/101
[1027/2245] maximum-average-subarray-i/sol_0: 95/95
[1028/2245] maximum-average-subarray-ii/sol_0: 98/98
[1029/2245] maximum-bags-with-full-capacity-of-rocks/sol_0: 103/103
[1030/2245] maximum-beauty-of-an-array-after-applying-operation/sol_0: 119/119
[1031/2245] maximum-binary-string-after-change/sol_0: 133/133
[1032/2245] maximum-building-height/sol_0: 87/87
[1033/2245] maximum-candies-allocated-to-k-children/sol_0: 82/82
[1034/2245] maximum-candies-you-can-get-from-boxes/sol_0: 83/83
[1035/2245] maximum-coins-heroes-can-collect/sol_0: 108/108
[1036/2245] maximum-compatibility-score-sum/sol_0: 68/68
[1037/2245] maximum-consecutive-floors-without-special-floors/sol_0: 93/93
[1038/2245] magical-string/sol_0: 0/41 [timeout]
[1039/2245] maximum-count-of-positive-integer-and-negative-integer/sol_0: 96/96
[1040/2245] maximum-deletions-on-a-string/sol_0: 103/103
[1041/2245] maximum-difference-between-increasing-elements/sol_0: 118/118
[1042/2245] maximum-difference-by-remapping-a-digit/sol_0: 111/111
[1043/2245] maximum-difference-score-in-a-grid/sol_0: 83/83
[1044/2245] maximum-distance-between-a-pair-of-values/sol_0: 75/75
[1045/2245] maximum-distance-in-arrays/sol_0: 100/100
[1046/2245] maximum-earnings-from-taxi/sol_0: 71/71
[1047/2245] maximum-elegance-of-a-k-length-subsequence/sol_0: 112/112
[1048/2245] maximum-element-after-decreasing-and-rearranging/sol_0: 135/135
[1049/2245] maximum-element-sum-of-a-complete-subset-of-indices/sol_0: 62/62
[1050/2245] maximum-employees-to-be-invited-to-a-meeting/sol_0: 127/127
[1051/2245] maximum-enemy-forts-that-can-be-captured/sol_0: 100/100
[1052/2245] maximum-equal-frequency/sol_0: 104/104
[1053/2245] make-the-xor-of-all-segments-equal-to-zero/sol_0: 94/113 [timeout@94/113]
[1054/2245] maximum-erasure-value/sol_0: 105/105
[1055/2245] maximum-fruits-harvested-after-at-most-k-steps/sol_0: 114/114
[1056/2245] maximum-gcd-sum-of-a-subarray/sol_0: 97/97
[1057/2245] maximum-good-subarray-sum/sol_0: 90/116
[1058/2245] maximum-good-people-based-on-statements/sol_0: 75/75
[1059/2245] maximum-height-by-stacking-cuboids/sol_0: 108/108
[1060/2245] maximum-height-of-a-triangle/sol_0: 67/67
[1061/2245] maximum-ice-cream-bars/sol_0: 75/75
[1062/2245] maximum-cost-of-trip-with-k-highways/sol_0: 75/75
[1063/2245] maximum-length-of-pair-chain/sol_0: 106/106
[1064/2245] maximum-length-of-repeated-subarray/sol_0: 110/110
[1065/2245] maximum-length-of-semi-decreasing-subarrays/sol_0: 126/126
[1066/2245] maximum-length-of-subarray-with-positive-product/sol_0: 122/122
[1067/2245] maximum-length-substring-with-two-occurrences/sol_0: 78/78
[1068/2245] matchsticks-to-square/sol_0: 1/85 [timeout@4/85]
[1069/2245] maximum-linear-stock-score/sol_0: 153/153
[1070/2245] maximum-matching-of-players-with-trainers/sol_0: 120/120
[1071/2245] maximum-matrix-sum/sol_0: 85/85
[1072/2245] maximum-nesting-depth-of-the-parentheses/sol_0: 101/101
[1073/2245] maximum-nesting-depth-of-two-valid-parentheses-strings/sol_0: 146/146
[1074/2245] maximum-number-of-accepted-invitations/sol_0: 77/77
[1075/2245] maximum-number-of-alloys/sol_0: 91/91
[1076/2245] maximum-number-of-balloons/sol_0: 117/117
[1077/2245] maximum-number-of-balls-in-a-box/sol_0: 86/86
[1078/2245] maximum-number-of-books-you-can-take/sol_0: 140/140
[1079/2245] maximum-number-of-coins-you-can-get/sol_0: 99/99
[1080/2245] maximum-number-of-consecutive-values-you-can-make/sol_0: 98/98
[1081/2245] maximum-number-of-eaten-apples/sol_0: 72/72
[1082/2245] maximum-number-of-events-that-can-be-attended/sol_0: 98/98
[1083/2245] maximum-number-of-events-that-can-be-attended-ii/sol_0: 108/108
[1084/2245] maximum-number-of-fish-in-a-grid/sol_0: 105/105
[1085/2245] maximum-number-of-groups-entering-a-competition/sol_0: 84/84
[1086/2245] maximize-total-tastiness-of-purchased-fruits/sol_0: 30/111 [timeout@30/111]
[1087/2245] maximum-number-of-groups-with-increasing-length/sol_0: 70/70
[1088/2245] maximum-number-of-integers-to-choose-from-a-range-i/sol_0: 101/101
[1089/2245] maximum-number-of-integers-to-choose-from-a-range-ii/sol_0: 107/107
[1090/2245] maximum-number-of-jumps-to-reach-the-last-index/sol_0: 141/141
[1091/2245] maximum-number-of-k-divisible-components/sol_0: 78/78
[1092/2245] maximum-number-of-moves-in-a-grid/sol_0: 81/81
[1093/2245] maximum-and-sum-of-array/sol_0: 22/89 [timeout@22/89]
[1094/2245] maximum-number-of-non-overlapping-subarrays-with-sum-equals-target/sol_0: 96/96
[1095/2245] maximum-number-of-occurrences-of-a-substring/sol_0: 117/117
[1096/2245] maximum-number-of-ones/sol_0: 110/110
[1097/2245] maximum-number-of-operations-to-move-ones-to-the-end/sol_0: 107/107
[1098/2245] maximum-number-of-operations-with-the-same-score-i/sol_0: 109/109
[1099/2245] maximum-number-of-operations-with-the-same-score-ii/sol_0: 116/116
[1100/2245] maximum-number-of-pairs-in-array/sol_0: 126/126
[1101/2245] maximum-number-of-people-that-can-be-caught-in-tag/sol_0: 115/115
[1102/2245] maximum-number-of-points-from-grid-queries/sol_0: 103/103
[1103/2245] maximum-number-of-points-with-cost/sol_0: 91/91
[1104/2245] maximum-number-of-potholes-that-can-be-fixed/sol_0: 128/128
[1105/2245] maximum-number-of-removable-characters/sol_0: 82/82
[1106/2245] maximum-number-of-removal-queries-that-can-be-processed-i/sol_0: 118/118
[1107/2245] maximum-number-of-robots-within-budget/sol_0: 108/108
[1108/2245] maximum-number-of-tasks-you-can-assign/sol_0: 119/119
[1109/2245] maximum-number-of-upgradable-servers/sol_0: 95/95
[1110/2245] maximum-number-of-vowels-in-a-substring-of-given-length/sol_0: 80/80
[1111/2245] maximum-number-of-ways-to-partition-an-array/sol_0: 117/117
[1112/2245] maximum-number-of-weeks-for-which-you-can-work/sol_0: 80/80
[1113/2245] maximum-number-of-words-found-in-sentences/sol_0: 78/78
[1114/2245] maximum-number-of-words-you-can-type/sol_0: 135/135
[1115/2245] maximum-number-that-makes-result-of-bitwise-and-zero/sol_0: 88/88
[1116/2245] maximum-odd-binary-number/sol_0: 78/78
[1117/2245] maximum-of-absolute-value-expression/sol_0: 94/94
[1118/2245] maximum-of-minimum-values-in-all-subarrays/sol_0: 140/140
[1119/2245] maximum-or/sol_0: 114/114
[1120/2245] maximum-palindromes-after-operations/sol_0: 95/95
[1121/2245] maximum-length-of-a-concatenated-string-with-unique-characters/sol_0: 85/85
[1122/2245] maximum-performance-of-a-team/sol_0: 41/41
[1123/2245] maximum-points-after-collecting-coins-from-all-nodes/sol_0: 55/55
[1124/2245] maximum-points-after-enemy-battles/sol_0: 104/104
[1125/2245] maximum-hamming-distances/sol_0: 28/72 [timeout@28/72]
[1126/2245] maximum-points-inside-the-square/sol_0: 100/100
[1127/2245] maximum-points-you-can-obtain-from-cards/sol_0: 78/78
[1128/2245] maximum-population-year/sol_0: 91/91
[1129/2245] maximum-price-to-fill-a-bag/sol_0: 114/114
[1130/2245] maximum-prime-difference/sol_0: 50/50
[1131/2245] maximum-points-in-an-archery-competition/sol_0: 109/109
[1132/2245] maximum-product-difference-between-two-pairs/sol_0: 98/98
[1133/2245] maximum-number-of-achievable-transfer-requests/sol_0: 26/73 [timeout@26/73]
[1134/2245] maximum-product-of-the-length-of-two-palindromic-substrings/sol_0: 173/173
[1135/2245] maximum-product-of-three-numbers/sol_0: 111/111
[1136/2245] maximum-product-of-two-elements-in-an-array/sol_0: 96/96
[1137/2245] maximum-product-of-word-lengths/sol_0: 67/67
[1138/2245] maximum-product-subarray/sol_0: 91/91
[1139/2245] maximum-profit-from-trading-stocks/sol_0: 117/117
[1140/2245] maximum-number-of-groups-getting-fresh-donuts/sol_0: 25/125 [timeout@25/125]
[1141/2245] maximum-profit-of-operating-a-centennial-wheel/sol_0: 55/55
[1142/2245] maximum-profitable-triplets-with-increasing-prices-i/sol_0: 123/123
[1143/2245] maximum-profitable-triplets-with-increasing-prices-ii/sol_0: 127/127
[1144/2245] maximum-repeating-substring/sol_0: 154/154
[1145/2245] maximum-rows-covered-by-columns/sol_0: 99/99
[1146/2245] maximum-running-time-of-n-computers/sol_0: 114/114
[1147/2245] maximum-score-after-splitting-a-string/sol_0: 143/143
[1148/2245] maximum-score-from-grid-operations/sol_0: 75/75
[1149/2245] maximum-product-after-k-increments/sol_0: 101/101
[1150/2245] maximum-score-from-removing-stones/sol_0: 88/88
[1151/2245] maximum-path-quality-of-a-graph/sol_0: 89/89
[1152/2245] maximum-score-from-removing-substrings/sol_0: 154/154
[1153/2245] maximum-score-of-a-good-subarray/sol_0: 98/98
[1154/2245] maximum-score-of-a-node-sequence/sol_0: 80/80
[1155/2245] maximum-score-of-spliced-array/sol_0: 87/87
[1156/2245] maximum-score-words-formed-by-letters/sol_0: 76/76
[1157/2245] maximum-side-length-of-a-square-with-sum-less-than-or-equal-to-threshold/sol_0: 85/85
[1158/2245] maximum-size-of-a-set-after-removals/sol_0: 103/103
[1159/2245] maximum-size-subarray-sum-equals-k/sol_0: 118/118
[1160/2245] maximum-spending-after-buying-items/sol_0: 97/97
[1161/2245] maximum-score-from-performing-multiplication-operations/sol_0: 118/118
[1162/2245] maximum-square-area-by-removing-fences-from-a-field/sol_0: 101/101
[1163/2245] maximum-star-sum-of-a-graph/sol_0: 103/107
[1164/2245] maximum-number-of-non-overlapping-palindrome-substrings/sol_0: 105/109 [timeout@105/109]
[1165/2245] maximum-strength-of-k-disjoint-subarrays/sol_0: 108/108
[1166/2245] maximum-strictly-increasing-cells-in-a-matrix/sol_0: 106/106
[1167/2245] maximum-strong-pair-xor-i/sol_0: 125/125
[1168/2245] maximum-strength-of-a-group/sol_0: 123/123
[1169/2245] maximum-students-taking-exam/sol_0: 66/66
[1170/2245] maximum-subarray/sol_0: 98/98
[1171/2245] maximum-subarray-min-product/sol_0: 101/101
[1172/2245] maximum-subarray-sum-after-one-operation/sol_0: 108/108
[1173/2245] maximum-subarray-sum-with-one-deletion/sol_0: 139/139
[1174/2245] maximum-subsequence-score/sol_0: 114/114
[1175/2245] maximum-subtree-of-the-same-color/sol_0: 82/82
[1176/2245] maximum-sum-circular-subarray/sol_0: 117/117
[1177/2245] maximum-sum-obtained-of-any-permutation/sol_0: 96/96
[1178/2245] maximum-sum-of-almost-unique-subarray/sol_0: 108/108
[1179/2245] maximum-sum-of-an-hourglass/sol_0: 65/65
[1180/2245] maximum-sum-of-distinct-subarrays-with-length-k/sol_0: 102/102
[1181/2245] maximum-sum-of-two-non-overlapping-subarrays/sol_0: 110/110
[1182/2245] maximum-sum-queries/sol_0: 78/78
[1183/2245] maximum-sum-score-of-array/sol_0: 93/93
[1184/2245] maximum-sum-with-exactly-k-elements/sol_0: 97/97
[1185/2245] maximum-swap/sol_0: 119/119
[1186/2245] maximum-tastiness-of-candy-basket/sol_0: 81/81
[1187/2245] maximum-total-beauty-of-the-gardens/sol_0: 113/113
[1188/2245] maximum-total-importance-of-roads/sol_0: 65/65
[1189/2245] maximum-total-reward-using-operations-i/sol_0: 104/104
[1190/2245] maximum-product-of-the-length-of-two-palindromic-subsequences/sol_0: 68/81 [timeout@68/81]
[1191/2245] maximum-trailing-zeros-in-a-cornered-path/sol_0: 84/84
[1192/2245] maximum-units-on-a-truck/sol_0: 104/104
[1193/2245] maximum-vacation-days/sol_0: 70/70
[1194/2245] maximum-value-after-insertion/sol_0: 133/133
[1195/2245] maximum-value-at-a-given-index-in-a-bounded-array/sol_0: 92/92
[1196/2245] maximum-value-of-a-string-in-an-array/sol_0: 109/109
[1197/2245] maximum-value-of-an-ordered-triplet-i/sol_0: 126/126
[1198/2245] maximum-value-of-an-ordered-triplet-ii/sol_0: 119/119
[1199/2245] maximum-value-of-k-coins-from-piles/sol_0: 96/96
[1200/2245] maximum-white-tiles-covered-by-a-carpet/sol_0: 111/111
[1201/2245] maximum-width-ramp/sol_0: 69/69
[1202/2245] maximum-xor-after-operations/sol_0: 117/117
[1203/2245] maximum-xor-for-each-query/sol_0: 81/81
[1204/2245] maximum-xor-of-two-non-overlapping-subtrees/sol_0: 1/72
[1205/2245] maximum-profit-in-job-scheduling/sol_0: 74/92 [timeout@74/92]
[1206/2245] maximum-xor-product/sol_0: 74/74
[1207/2245] maximum-xor-with-an-element-from-array/sol_0: 1/83
[1208/2245] mean-of-array-after-removing-some-elements/sol_0: 50/50
[1209/2245] median-of-a-row-wise-sorted-matrix/sol_0: 62/62
[1210/2245] median-of-two-sorted-arrays/sol_0: 112/112
[1211/2245] meeting-rooms/sol_0: 101/101
[1212/2245] meeting-rooms-ii/sol_0: 107/107
[1213/2245] meeting-rooms-iii/sol_0: 92/92
[1214/2245] meeting-scheduler/sol_0: 117/117
[1215/2245] merge-intervals/sol_0: 91/91
[1216/2245] merge-operations-to-turn-array-into-a-palindrome/sol_0: 103/103
[1217/2245] merge-similar-items/sol_0: 100/100
[1218/2245] merge-sorted-array/sol_0: 0/0
[1219/2245] merge-triplets-to-form-target-triplet/sol_0: 119/119
[1220/2245] merge-two-2d-arrays-by-summing-values/sol_0: 93/93
[1221/2245] mice-and-cheese/sol_0: 96/96
[1222/2245] min-cost-climbing-stairs/sol_0: 102/102
[1223/2245] min-cost-to-connect-all-points/sol_0: 104/104
[1224/2245] min-max-game/sol_0: 93/93
[1225/2245] minesweeper/sol_0: 119/119
[1226/2245] minimize-deviation-in-array/sol_0: 105/105
[1227/2245] minimize-malware-spread/sol_0: 69/69
[1228/2245] minimize-malware-spread-ii/sol_0: 74/74
[1229/2245] minimize-max-distance-to-gas-station/sol_0: 94/94
[1230/2245] minimize-maximum-of-array/sol_0: 114/114
[1231/2245] minimize-maximum-pair-sum-in-array/sol_0: 97/97
[1232/2245] minimize-maximum-value-in-a-grid/sol_0: 79/79
[1233/2245] maximum-segment-sum-after-removals/sol_0: 6/90 [timeout@22/90]
[1234/2245] minimize-or-of-remaining-elements-using-operations/sol_0: 109/109
[1235/2245] minimize-product-sum-of-two-arrays/sol_0: 98/98
[1236/2245] minimize-result-by-adding-parentheses-to-expression/sol_0: 134/134
[1237/2245] minimize-string-length/sol_0: 112/112
[1238/2245] minimize-the-difference-between-target-and-chosen-elements/sol_0: 104/104
[1239/2245] minimize-the-maximum-difference-of-pairs/sol_0: 106/106
[1240/2245] minimize-the-maximum-of-two-arrays/sol_0: 108/108
[1241/2245] minimize-xor/sol_0: 85/85
[1242/2245] minimized-maximum-of-products-distributed-to-any-store/sol_0: 108/108
[1243/2245] minimizing-array-after-replacing-pairs-with-their-product/sol_0: 125/125
[1244/2245] minimum-absolute-difference/sol_0: 101/101
[1245/2245] minimum-absolute-difference-queries/sol_0: 90/90
[1246/2245] minimum-absolute-sum-difference/sol_0: 87/87
[1247/2245] minimum-add-to-make-parentheses-valid/sol_0: 115/115
[1248/2245] minimum-addition-to-make-integer-beautiful/sol_0: 103/103
[1249/2245] minimum-additions-to-make-valid-string/sol_0: 108/108
[1250/2245] minimum-adjacent-swaps-for-k-consecutive-ones/sol_0: 0/0
[1251/2245] minimum-adjacent-swaps-to-make-a-valid-array/sol_0: 105/105
[1252/2245] minimum-amount-of-time-to-collect-garbage/sol_0: 107/107
[1253/2245] minimum-adjacent-swaps-to-reach-the-kth-smallest-number/sol_0: 105/105
[1254/2245] minimum-amount-of-time-to-fill-cups/sol_0: 178/178
[1255/2245] minimum-area-rectangle/sol_0: 81/81
[1256/2245] maximum-split-of-positive-even-integers/sol_0: 8/66 [timeout@8/66]
[1257/2245] minimum-array-length-after-pair-removals/sol_0: 121/121
[1258/2245] minimum-array-end/sol_0: 106/106
[1259/2245] minimum-average-difference/sol_0: 94/94
[1260/2245] minimum-ascii-delete-sum-for-two-strings/sol_0: 115/115
[1261/2245] minimum-average-of-smallest-and-largest-elements/sol_0: 132/132
[1262/2245] minimum-bit-flips-to-convert-number/sol_0: 85/85
[1263/2245] minimum-changes-to-make-alternating-binary-string/sol_0: 117/117
[1264/2245] minimum-common-value/sol_0: 103/103
[1265/2245] minimum-consecutive-cards-to-pick-up/sol_0: 109/109
[1266/2245] minimum-array-changes-to-make-differences-equal/sol_0: 101/101
[1267/2245] minimum-changes-to-make-k-semi-palindromes/sol_0: 119/119
[1268/2245] minimum-cost-for-cutting-cake-i/sol_0: 55/55
[1269/2245] minimum-cost-for-cutting-cake-ii/sol_0: 27/27
[1270/2245] minimum-cost-homecoming-of-a-robot-in-a-grid/sol_0: 80/80
[1271/2245] minimum-cost-of-buying-candies-with-discount/sol_0: 96/96
[1272/2245] minimum-cost-for-tickets/sol_0: 79/79
[1273/2245] minimum-cost-to-buy-apples/sol_0: 69/69
[1274/2245] minimum-cost-to-connect-sticks/sol_0: 84/84
[1275/2245] minimum-cost-to-change-the-final-value-of-expression/sol_0: 173/173
[1276/2245] minimum-cost-to-connect-two-groups-of-points/sol_0: 8/8
[1277/2245] minimum-cost-to-hire-k-workers/sol_0: 104/104
[1278/2245] minimum-cost-to-make-all-characters-equal/sol_0: 162/162
[1279/2245] minimum-cost-to-make-array-equal/sol_0: 109/109
[1280/2245] minimum-cost-to-make-at-least-one-valid-path-in-a-grid/sol_0: 87/87
[1281/2245] minimum-cost-to-move-chips-to-the-same-position/sol_0: 105/105
[1282/2245] minimum-cost-to-reach-city-with-discounts/sol_0: 84/84
[1283/2245] minimum-cost-to-reach-destination-in-time/sol_0: 98/98
[1284/2245] minimum-cost-to-separate-sentence-into-rows/sol_0: 0/0
[1285/2245] minimum-cost-to-set-cooking-time/sol_0: 0/0
[1286/2245] minimum-cost-to-equalize-array/sol_0: 122/122
[1287/2245] minimum-cost-to-cut-a-stick/sol_0: 97/97
[1288/2245] minimum-costs-using-the-train-line/sol_0: 95/95
[1289/2245] minimum-cuts-to-divide-a-circle/sol_0: 44/44
[1290/2245] minimum-degree-of-a-connected-trio-in-a-graph/sol_0: 64/64
[1291/2245] minimum-deletions-to-make-array-beautiful/sol_0: 125/125
[1292/2245] minimum-deletions-to-make-array-divisible/sol_0: 158/158
[1293/2245] minimum-deletions-to-make-character-frequencies-unique/sol_0: 23/23
[1294/2245] minimum-deletions-to-make-string-balanced/sol_0: 190/190
[1295/2245] minimum-deletions-to-make-string-k-special/sol_0: 53/53
[1296/2245] minimum-difference-between-highest-and-lowest-of-k-scores/sol_0: 95/95
[1297/2245] minimum-difference-between-largest-and-smallest-value-in-three-moves/sol_0: 109/109
[1298/2245] minimum-difference-in-sums-after-removal-of-elements/sol_0: 117/117
[1299/2245] minimum-difficulty-of-a-job-schedule/sol_0: 111/111
[1300/2245] minimum-distance-to-the-target-element/sol_0: 117/117
[1301/2245] minimum-distance-to-type-a-word-using-two-fingers/sol_0: 450/450
[1302/2245] minimum-edge-reversals-so-every-node-is-reachable/sol_0: 42/42
[1303/2245] minimum-elements-to-add-to-form-a-given-sum/sol_0: 106/106
[1304/2245] minimum-factorization/sol_0: 52/52
[1305/2245] minimum-falling-path-sum/sol_0: 79/79
[1306/2245] minimum-falling-path-sum-ii/sol_0: 83/83
[1307/2245] minimum-flips-to-make-a-or-b-equal-to-c/sol_0: 92/92
[1308/2245] minimum-fuel-cost-to-report-to-the-capital/sol_0: 65/65
[1309/2245] minimum-garden-perimeter-to-collect-enough-apples/sol_0: 68/68
[1310/2245] minimum-genetic-mutation/sol_0: 81/81
[1311/2245] minimum-health-to-beat-game/sol_0: 95/95
[1312/2245] minimum-height-trees/sol_0: 65/65
[1313/2245] minimum-impossible-or/sol_0: 108/108
[1314/2245] maximum-strong-pair-xor-ii/sol_0: 0/127 [timeout@2/127]
[1315/2245] minimum-increment-operations-to-make-array-beautiful/sol_0: 118/118
[1316/2245] minimum-increment-to-make-array-unique/sol_0: 104/104
[1317/2245] minimum-index-sum-of-two-lists/sol_0: 93/93
[1318/2245] minimum-initial-energy-to-finish-tasks/sol_0: 104/104
[1319/2245] minimum-insertion-steps-to-make-a-string-palindrome/sol_0: 123/123
[1320/2245] minimum-insertions-to-balance-a-parentheses-string/sol_0: 115/115
[1321/2245] minimum-interval-to-include-each-query/sol_0: 104/104
[1322/2245] minimum-jumps-to-reach-home/sol_0: 98/98
[1323/2245] maximum-total-reward-using-operations-ii/sol_0: 31/87 [timeout@31/87]
[1324/2245] minimum-length-of-anagram-concatenation/sol_0: 73/73
[1325/2245] minimum-length-of-string-after-deleting-similar-ends/sol_0: 170/170
[1326/2245] minimum-length-of-string-after-operations/sol_0: 47/47
[1327/2245] minimum-levels-to-gain-more-points/sol_0: 114/114
[1328/2245] minimum-limit-of-balls-in-a-bag/sol_0: 99/99
[1329/2245] minimum-lines-to-represent-a-line-chart/sol_0: 107/107
[1330/2245] minimum-money-required-before-transactions/sol_0: 109/109
[1331/2245] minimum-moves-to-capture-the-queen/sol_0: 89/89
[1332/2245] minimum-moves-to-convert-string/sol_0: 166/166
[1333/2245] minimum-moves-to-equal-array-elements/sol_0: 77/77
[1334/2245] minimum-moves-to-equal-array-elements-ii/sol_0: 79/79
[1335/2245] minimum-moves-to-get-a-peaceful-board/sol_0: 103/103
[1336/2245] minimum-moves-to-move-a-box-to-their-target-location/sol_0: 82/82
[1337/2245] minimum-moves-to-reach-target-with-rotations/sol_0: 64/64
[1338/2245] minimum-moves-to-spread-stones-over-grid/sol_0: 39/39
[1339/2245] minimum-number-game/sol_0: 91/91
[1340/2245] minimum-number-of-arrows-to-burst-balloons/sol_0: 110/110
[1341/2245] minimum-number-of-chairs-in-a-waiting-room/sol_0: 144/144
[1342/2245] minimum-number-of-changes-to-make-binary-string-beautiful/sol_0: 116/116
[1343/2245] minimum-number-of-coins-for-fruits/sol_0: 122/122
[1344/2245] minimum-number-of-coins-for-fruits-ii/sol_0: 119/119
[1345/2245] minimum-number-of-coins-to-be-added/sol_0: 110/110
[1346/2245] minimum-number-of-days-to-eat-n-oranges/sol_0: 234/234
[1347/2245] minimum-number-of-days-to-make-m-bouquets/sol_0: 93/93
[1348/2245] maximum-xor-of-two-numbers-in-an-array/sol_0: 0/102 [timeout@1/102]
[1349/2245] minimum-number-of-flips-to-make-binary-grid-palindromic-i/sol_0: 77/77
[1350/2245] minimum-number-of-flips-to-make-binary-grid-palindromic-ii/sol_0: 88/88
[1351/2245] minimum-number-of-flips-to-make-the-binary-string-alternating/sol_0: 153/153
[1352/2245] minimum-number-of-increasing-subsequence-to-be-removed/sol_0: 119/119
[1353/2245] minimum-number-of-increments-on-subarrays-to-form-a-target-array/sol_0: 105/105
[1354/2245] minimum-number-of-k-consecutive-bit-flips/sol_0: 100/100
[1355/2245] minimum-number-of-keypresses/sol_0: 77/77
[1356/2245] minimum-cost-to-split-an-array/sol_0: 30/122 [timeout@30/122]
[1357/2245] minimum-number-of-moves-to-make-palindrome/sol_0: 105/105
[1358/2245] minimum-number-of-moves-to-seat-everyone/sol_0: 101/101
[1359/2245] minimum-number-of-operations-to-convert-time/sol_0: 138/138
[1360/2245] minimum-number-of-operations-to-make-all-array-elements-equal-to-1/sol_0: 157/157
[1361/2245] minimum-number-of-operations-to-make-array-continuous/sol_0: 136/136
[1362/2245] minimum-number-of-operations-to-make-array-empty/sol_0: 107/107
[1363/2245] minimum-number-of-operations-to-make-array-xor-equal-to-k/sol_0: 115/115
[1364/2245] minimum-number-of-operations-to-make-arrays-similar/sol_0: 107/107
[1365/2245] minimum-number-of-operations-to-make-word-k-periodic/sol_0: 105/105
[1366/2245] minimum-number-of-operations-to-make-x-and-y-equal/sol_0: 133/133
[1367/2245] minimum-number-of-operations-to-move-all-balls-to-each-box/sol_0: 85/85
[1368/2245] minimum-number-of-operations-to-reinitialize-a-permutation/sol_0: 38/38
[1369/2245] minimum-number-of-operations-to-satisfy-conditions/sol_0: 108/108
[1370/2245] minimum-cost-tree-from-leaf-values/sol_0: 42/108 [timeout@42/108]
[1371/2245] minimum-number-of-pushes-to-type-word-i/sol_0: 202/202
[1372/2245] minimum-number-of-people-to-teach/sol_0: 73/73
[1373/2245] minimum-number-of-pushes-to-type-word-ii/sol_0: 47/47
[1374/2245] minimum-number-of-refueling-stops/sol_0: 96/96
[1375/2245] minimum-number-of-steps-to-make-two-strings-anagram/sol_0: 113/113
[1376/2245] minimum-number-of-removals-to-make-mountain-array/sol_0: 107/107
[1377/2245] minimum-number-of-steps-to-make-two-strings-anagram-ii/sol_0: 110/110
[1378/2245] minimum-number-of-swaps-to-make-the-binary-string-alternating/sol_0: 243/243
[1379/2245] minimum-number-of-swaps-to-make-the-string-balanced/sol_0: 91/91
[1380/2245] minimum-number-of-taps-to-open-to-water-a-garden/sol_0: 93/93
[1381/2245] minimum-number-of-vertices-to-reach-all-nodes/sol_0: 77/77
[1382/2245] minimum-number-of-work-sessions-to-finish-the-tasks/sol_0: 0/0
[1383/2245] minimum-number-of-visited-cells-in-a-grid/sol_0: 103/103
[1384/2245] minimum-obstacle-removal-to-reach-corner/sol_0: 59/59
[1385/2245] minimum-numbers-of-function-calls-to-make-target-array/sol_0: 98/98
[1386/2245] minimum-one-bit-operations-to-make-integers-zero/sol_0: 71/71
[1387/2245] minimum-operations-to-collect-elements/sol_0: 94/94
[1388/2245] minimum-operations-to-exceed-threshold-value-i/sol_0: 104/104
[1389/2245] minimum-operations-to-exceed-threshold-value-ii/sol_0: 103/103
[1390/2245] minimum-operations-to-form-subsequence-with-target-sum/sol_0: 117/117
[1391/2245] minimum-operations-to-convert-number/sol_0: 134/134
[1392/2245] minimum-operations-to-halve-array-sum/sol_0: 78/78
[1393/2245] minimum-operations-to-make-a-subsequence/sol_0: 111/111
[1394/2245] minimum-operations-to-make-a-special-number/sol_0: 188/188
[1395/2245] minimum-operations-to-make-a-uni-value-grid/sol_0: 95/95
[1396/2245] minimum-operations-to-make-all-array-elements-equal/sol_0: 107/107
[1397/2245] minimum-operations-to-make-array-equal-ii/sol_0: 109/109
[1398/2245] minimum-operations-to-make-array-equal/sol_0: 53/53
[1399/2245] minimum-operations-to-make-array-equal-to-target/sol_0: 117/117
[1400/2245] minimum-operations-to-make-binary-array-elements-equal-to-one-i/sol_0: 109/109
[1401/2245] minimum-operations-to-make-binary-array-elements-equal-to-one-ii/sol_0: 68/68
[1402/2245] minimum-operations-to-make-median-of-array-equal-to-k/sol_0: 87/87
[1403/2245] minimum-operations-to-make-numbers-non-positive/sol_0: 104/104
[1404/2245] minimum-operations-to-make-the-array-alternating/sol_0: 135/135
[1405/2245] minimum-operations-to-make-the-array-increasing/sol_0: 118/118
[1406/2245] minimum-operations-to-make-the-array-k-increasing/sol_0: 133/133
[1407/2245] minimum-operations-to-make-the-integer-zero/sol_0: 122/122
[1408/2245] minimum-operations-to-maximize-last-elements-in-arrays/sol_0: 130/130
[1409/2245] minimum-operations-to-reduce-an-integer-to-0/sol_0: 60/60
[1410/2245] minimum-operations-to-reduce-x-to-zero/sol_0: 107/107
[1411/2245] minimum-operations-to-remove-adjacent-ones-in-matrix/sol_0: 74/74
[1412/2245] minimum-operations-to-write-the-letter-y-on-a-grid/sol_0: 76/76
[1413/2245] minimum-path-cost-in-a-grid/sol_0: 28/28
[1414/2245] minimum-path-sum/sol_0: 77/77
[1415/2245] minimum-penalty-for-a-shop/sol_0: 152/152
[1416/2245] minimum-processing-time/sol_0: 85/85
[1417/2245] minimum-recolors-to-get-k-consecutive-black-blocks/sol_0: 101/101
[1418/2245] minimum-rectangles-to-cover-points/sol_0: 118/118
[1419/2245] minimum-relative-loss-after-buying-chocolates/sol_0: 95/95
[1420/2245] minimum-remove-to-make-valid-parentheses/sol_0: 77/77
[1421/2245] minimum-replacements-to-sort-the-array/sol_0: 107/107
[1422/2245] minimum-right-shifts-to-sort-the-array/sol_0: 129/129
[1423/2245] minimum-score-by-changing-two-elements/sol_0: 82/82
[1424/2245] minimum-rounds-to-complete-all-tasks/sol_0: 58/58
[1425/2245] minimum-score-of-a-path-between-two-cities/sol_0: 65/65
[1426/2245] minimum-seconds-to-equalize-a-circular-array/sol_0: 116/116
[1427/2245] minimum-size-subarray-in-infinite-array/sol_0: 117/117
[1428/2245] minimum-sideway-jumps/sol_0: 132/132
[1429/2245] minimum-size-subarray-sum/sol_0: 73/73
[1430/2245] minimum-skips-to-arrive-at-meeting-on-time/sol_0: 114/114
[1431/2245] minimum-space-wasted-from-packaging/sol_0: 93/93
[1432/2245] minimum-speed-to-arrive-on-time/sol_0: 98/98
[1433/2245] minimum-split-into-subarrays-with-gcd-greater-than-one/sol_0: 160/160
[1434/2245] minimum-string-length-after-removing-substrings/sol_0: 153/153
[1435/2245] minimum-subsequence-in-non-increasing-order/sol_0: 60/60
[1436/2245] minimum-substring-partition-of-equal-character-frequency/sol_0: 72/72
[1437/2245] minimum-suffix-flips/sol_0: 117/117
[1438/2245] minimum-sum-of-four-digit-number-after-splitting-digits/sol_0: 83/83
[1439/2245] minimum-sum-of-mountain-triplets-i/sol_0: 118/118
[1440/2245] minimum-sum-of-mountain-triplets-ii/sol_0: 110/110
[1441/2245] minimum-sum-of-squared-difference/sol_0: 116/116
[1442/2245] minimum-sum-of-values-by-dividing-array/sol_0: 170/170
[1443/2245] minimum-swaps-to-arrange-a-binary-grid/sol_0: 71/71
[1444/2245] minimum-swaps-to-group-all-1s-together/sol_0: 117/117
[1445/2245] minimum-swaps-to-group-all-1s-together-ii/sol_0: 117/117
[1446/2245] minimum-swaps-to-make-sequences-increasing/sol_0: 107/107
[1447/2245] minimum-swaps-to-make-strings-equal/sol_0: 103/103
[1448/2245] minimum-time-difference/sol_0: 84/84
[1449/2245] minimum-time-takes-to-reach-destination-without-drowning/sol_0: 86/86
[1450/2245] minimum-time-to-build-blocks/sol_0: 100/100
[1451/2245] minimum-time-to-complete-all-tasks/sol_0: 112/112
[1452/2245] minimum-time-to-complete-trips/sol_0: 103/103
[1453/2245] minimum-time-to-eat-all-grains/sol_0: 116/116
[1454/2245] minimum-incompatibility/sol_0: 32/91 [timeout@32/91]
[1455/2245] minimum-time-to-make-array-sum-at-most-x/sol_0: 111/111
[1456/2245] minimum-time-to-make-rope-colorful/sol_0: 91/91
[1457/2245] minimum-time-to-remove-all-cars-containing-illegal-goods/sol_0: 101/101
[1458/2245] minimum-time-to-repair-cars/sol_0: 92/92
[1459/2245] minimum-time-to-revert-word-to-initial-state-i/sol_0: 108/108
[1460/2245] minimum-time-to-revert-word-to-initial-state-ii/sol_0: 108/108
[1461/2245] minimum-time-to-type-word-using-special-typewriter/sol_0: 129/129
[1462/2245] minimum-time-to-visit-a-cell-in-a-grid/sol_0: 114/114
[1463/2245] minimum-time-to-visit-disappearing-nodes/sol_0: 103/103
[1464/2245] minimum-time-visiting-all-points/sol_0: 120/120
[1465/2245] minimum-total-cost-to-make-arrays-unequal/sol_0: 118/118
[1466/2245] minimum-total-distance-traveled/sol_0: 0/0
[1467/2245] minimum-total-space-wasted-with-k-resizing-operations/sol_0: 0/0
[1468/2245] minimum-value-to-get-positive-step-by-step-sum/sol_0: 95/95
[1469/2245] minimum-white-tiles-after-covering-with-carpets/sol_0: 110/110
[1470/2245] minimum-window-subsequence/sol_0: 158/158
[1471/2245] minimum-window-substring/sol_0: 80/80
[1472/2245] minimum-knight-moves/sol_0: 1/121 [timeout@1/121]
[1473/2245] mirror-reflection/sol_0: 84/84
[1474/2245] missing-element-in-sorted-array/sol_0: 110/110
[1475/2245] missing-number/sol_0: 47/47
[1476/2245] missing-number-in-arithmetic-progression/sol_0: 147/147
[1477/2245] missing-ranges/sol_0: 127/127
[1478/2245] modify-graph-edge-weights/sol_0: 4/77
[1479/2245] modify-the-matrix/sol_0: 85/85
[1480/2245] monotone-increasing-digits/sol_0: 111/111
[1481/2245] monotonic-array/sol_0: 151/151
[1482/2245] most-beautiful-item-for-each-query/sol_0: 106/106
[1483/2245] most-expensive-item-that-can-not-be-bought/sol_0: 80/80
[1484/2245] most-frequent-even-element/sol_0: 110/110
[1485/2245] most-frequent-number-following-key-in-an-array/sol_0: 103/103
[1486/2245] most-frequent-prime/sol_0: 81/81
[1487/2245] most-popular-video-creator/sol_0: 102/102
[1488/2245] most-profit-assigning-work/sol_0: 106/106
[1489/2245] most-stones-removed-with-same-row-or-column/sol_0: 100/100
[1490/2245] most-visited-sector-in-a-circular-track/sol_0: 98/98
[1491/2245] move-pieces-to-obtain-a-string/sol_0: 136/136
[1492/2245] move-zeroes/sol_0: 0/0
[1493/2245] movement-of-robots/sol_0: 110/110
[1494/2245] moving-stones-until-consecutive/sol_0: 130/130
[1495/2245] moving-stones-until-consecutive-ii/sol_0: 140/140
[1496/2245] multiply-strings/sol_0: 71/71
[1497/2245] n-queens/sol_0: 10/10
[1498/2245] n-queens-ii/sol_0: 9/9
[1499/2245] n-repeated-element-in-size-2n-array/sol_0: 92/92
[1500/2245] n-th-tribonacci-number/sol_0: 18/18
[1501/2245] naming-a-company/sol_0: 45/45
[1502/2245] nearest-exit-from-entrance-in-maze/sol_0: 10/10
[1503/2245] neighboring-bitwise-xor/sol_0: 91/91
[1504/2245] neither-minimum-nor-maximum/sol_0: 94/94
[1505/2245] network-delay-time/sol_0: 100/100
[1506/2245] new-21-game/sol_0: 67/67
[1507/2245] next-closest-time/sol_0: 139/139
[1508/2245] next-greater-element-i/sol_0: 118/118
[1509/2245] next-greater-element-ii/sol_0: 122/122
[1510/2245] next-greater-element-iii/sol_0: 80/80
[1511/2245] minimum-number-of-flips-to-convert-binary-matrix-to-zero-matrix/sol_0: 39/54 [timeout@39/54]
[1512/2245] next-palindrome-using-same-digits/sol_0: 137/137
[1513/2245] next-permutation/sol_0: 0/0
[1514/2245] nim-game/sol_0: 114/114
[1515/2245] node-with-highest-edge-score/sol_0: 26/26
[1516/2245] non-decreasing-array/sol_0: 165/165
[1517/2245] minimum-number-of-lines-to-cover-points/sol_0: 24/107 [timeout@24/107]
[1518/2245] non-negative-integers-without-consecutive-ones/sol_0: 26/26
[1519/2245] non-overlapping-intervals/sol_0: 107/107
[1520/2245] nth-digit/sol_0: 50/50
[1521/2245] nth-magical-number/sol_0: 104/104
[1522/2245] number-complement/sol_0: 44/44
[1523/2245] number-of-1-bits/sol_0: 139/139
[1524/2245] number-of-adjacent-elements-with-the-same-color/sol_0: 74/74
[1525/2245] number-of-arithmetic-triplets/sol_0: 104/104
[1526/2245] number-of-beautiful-integers-in-the-range/sol_0: 99/99
[1527/2245] number-of-beautiful-pairs/sol_0: 102/102
[1528/2245] number-of-beautiful-partitions/sol_0: 117/117
[1529/2245] number-of-bit-changes-to-make-two-integers-equal/sol_0: 91/91
[1530/2245] number-of-black-blocks/sol_0: 72/72
[1531/2245] number-of-burgers-with-no-waste-of-ingredients/sol_0: 73/73
[1532/2245] number-of-changing-keys/sol_0: 78/78
[1533/2245] number-of-closed-islands/sol_0: 63/63
[1534/2245] number-of-common-factors/sol_0: 107/107
[1535/2245] number-of-connected-components-in-an-undirected-graph/sol_0: 71/71
[1536/2245] number-of-corner-rectangles/sol_0: 82/82
[1537/2245] number-of-days-between-two-dates/sol_0: 138/138
[1538/2245] number-of-days-in-a-month/sol_0: 33/33
[1539/2245] number-of-dice-rolls-with-target-sum/sol_0: 108/108
[1540/2245] number-of-different-integers-in-a-string/sol_0: 124/124
[1541/2245] number-of-different-subsequences-gcds/sol_0: 101/101
[1542/2245] number-of-digit-one/sol_0: 76/76
[1543/2245] number-of-distinct-averages/sol_0: 113/113
[1544/2245] number-of-distinct-binary-strings-after-applying-operations/sol_0: 0/0
[1545/2245] number-of-distinct-islands/sol_0: 37/64
[1546/2245] minimum-subarrays-in-a-valid-split/sol_0: 176/176
[1547/2245] number-of-distinct-substrings-in-a-string/sol_0: 84/84
[1548/2245] number-of-divisible-triplet-sums/sol_0: 102/102
[1549/2245] number-of-employees-who-met-the-target/sol_0: 103/103
[1550/2245] number-of-enclaves/sol_0: 67/67
[1551/2245] number-of-equal-count-substrings/sol_0: 97/97
[1552/2245] number-of-equivalent-domino-pairs/sol_0: 89/89
[1553/2245] number-of-even-and-odd-bits/sol_0: 62/62
[1554/2245] number-of-excellent-pairs/sol_0: 111/111
[1555/2245] number-of-flowers-in-full-bloom/sol_0: 105/105
[1556/2245] number-of-distinct-roll-sequences/sol_0: 21/21
[1557/2245] number-of-good-pairs/sol_0: 102/102
[1558/2245] number-of-good-ways-to-split-a-string/sol_0: 81/81
[1559/2245] number-of-great-partitions/sol_0: 101/101
[1560/2245] number-of-increasing-paths-in-a-grid/sol_0: 88/88
[1561/2245] number-of-islands/sol_0: 59/59
[1562/2245] number-of-islands-ii/sol_0: 81/81
[1563/2245] number-of-laser-beams-in-a-bank/sol_0: 117/117
[1564/2245] number-of-lines-to-write-string/sol_0: 46/46
[1565/2245] number-of-longest-increasing-subsequence/sol_0: 109/109
[1566/2245] number-of-matching-subsequences/sol_0: 56/56
[1567/2245] number-of-music-playlists/sol_0: 88/88
[1568/2245] number-of-nodes-in-the-sub-tree-with-the-same-label/sol_0: 44/44
[1569/2245] number-of-operations-to-make-network-connected/sol_0: 89/89
[1570/2245] number-of-orders-in-the-backlog/sol_0: 113/113
[1571/2245] number-of-pairs-of-interchangeable-rectangles/sol_0: 84/84
[1572/2245] number-of-pairs-of-strings-with-concatenation-equal-to-target/sol_0: 127/127
[1573/2245] minimum-time-to-kill-all-monsters/sol_0: 45/92 [timeout@45/92]
[1574/2245] number-of-paths-with-max-score/sol_0: 95/95
[1575/2245] number-of-people-aware-of-a-secret/sol_0: 96/96
[1576/2245] minimum-xor-sum-of-two-arrays/sol_0: 40/93 [timeout@40/93]
[1577/2245] number-of-provinces/sol_0: 57/57
[1578/2245] number-of-possible-sets-of-closing-branches/sol_0: 86/86
[1579/2245] number-of-rectangles-that-can-form-the-largest-square/sol_0: 83/83
[1580/2245] number-of-restricted-paths-from-first-to-last-node/sol_0: 45/45
[1581/2245] number-of-segments-in-a-string/sol_0: 38/38
[1582/2245] number-of-same-end-substrings/sol_0: 62/62
[1583/2245] number-of-senior-citizens/sol_0: 78/78
[1584/2245] number-of-self-divisible-permutations/sol_0: 12/12
[1585/2245] number-of-single-divisor-triplets/sol_0: 118/118
[1586/2245] number-of-smooth-descent-periods-of-a-stock/sol_0: 116/116
[1587/2245] number-of-spaces-cleaning-robot-cleaned/sol_0: 77/77
[1588/2245] number-of-sets-of-k-non-overlapping-line-segments/sol_0: 58/58
[1589/2245] number-of-steps-to-reduce-a-number-in-binary-representation-to-one/sol_0: 101/101
[1590/2245] number-of-steps-to-reduce-a-number-to-zero/sol_0: 59/59
[1591/2245] number-of-strings-that-appear-as-substrings-in-word/sol_0: 122/122
[1592/2245] number-of-strings-which-can-be-rearranged-to-contain-substring/sol_0: 22/22
[1593/2245] number-of-students-doing-homework-at-a-given-time/sol_0: 95/95
[1594/2245] number-of-students-unable-to-eat-lunch/sol_0: 88/88
[1595/2245] number-of-sub-arrays-of-size-k-and-average-greater-than-or-equal-to-threshold/sol_0: 101/101
[1596/2245] number-of-sub-arrays-with-odd-sum/sol_0: 87/87
[1597/2245] number-of-subarrays-having-even-product/sol_0: 84/84
[1598/2245] number-of-subarrays-that-match-a-pattern-i/sol_0: 112/112
[1599/2245] number-of-subarrays-that-match-a-pattern-ii/sol_0: 111/111
[1600/2245] number-of-subarrays-with-and-value-of-k/sol_0: 127/127
[1601/2245] number-of-subarrays-with-bounded-maximum/sol_0: 101/101
[1602/2245] number-of-subarrays-with-gcd-equal-to-k/sol_0: 124/124
[1603/2245] number-of-subarrays-with-lcm-equal-to-k/sol_0: 128/128
[1604/2245] number-of-submatrices-that-sum-to-target/sol_0: 82/82
[1605/2245] number-of-subsequences-that-satisfy-the-given-sum-condition/sol_0: 81/81
[1606/2245] number-of-substrings-containing-all-three-characters/sol_0: 130/130
[1607/2245] number-of-substrings-with-fixed-ratio/sol_0: 97/97
[1608/2245] number-of-substrings-with-only-1s/sol_0: 28/28
[1609/2245] number-of-times-binary-string-is-prefix-aligned/sol_0: 91/91
[1610/2245] number-of-unequal-triplets-in-array/sol_0: 74/74
[1611/2245] number-of-unique-flavors-after-sharing-k-candies/sol_0: 109/109
[1612/2245] number-of-unique-good-subsequences/sol_0: 90/90
[1613/2245] number-of-valid-clock-times/sol_0: 114/114
[1614/2245] number-of-pairs-satisfying-inequality/sol_0: 99/99
[1615/2245] number-of-valid-subarrays/sol_0: 138/138
[1616/2245] number-of-valid-move-combinations-on-chessboard/sol_0: 100/100
[1617/2245] number-of-valid-words-in-a-sentence/sol_0: 377/377
[1618/2245] next-greater-numerically-balanced-number/sol_0: 10/63 [timeout@10/63]
[1619/2245] number-of-visible-people-in-a-queue/sol_0: 123/123
[1620/2245] number-of-ways-of-cutting-a-pizza/sol_0: 72/72
[1621/2245] number-of-ways-to-arrive-at-destination/sol_0: 64/64
[1622/2245] number-of-squareful-arrays/sol_0: 109/109
[1623/2245] number-of-ways-to-build-house-of-cards/sol_0: 89/89
[1624/2245] number-of-ways-to-divide-a-long-corridor/sol_0: 145/145
[1625/2245] number-of-ways-to-buy-pens-and-pencils/sol_0: 102/102
[1626/2245] number-of-ways-to-form-a-target-string-given-a-dictionary/sol_0: 148/148
[1627/2245] number-of-ways-to-paint-n-3-grid/sol_0: 37/37
[1628/2245] number-of-ways-to-reach-a-position-after-exactly-k-steps/sol_0: 54/54
[1629/2245] number-of-ways-to-earn-points/sol_0: 117/117
[1630/2245] number-of-ways-to-reach-destination-in-the-grid/sol_0: 104/104
[1631/2245] number-of-ways-to-reconstruct-a-tree/sol_0: 80/80
[1632/2245] number-of-ways-to-reorder-array-to-get-same-bst/sol_0: 74/74
[1633/2245] number-of-ways-to-select-buildings/sol_0: 162/162
[1634/2245] number-of-ways-to-rearrange-sticks-with-k-sticks-visible/sol_0: 57/57
[1635/2245] number-of-ways-to-split-a-string/sol_0: 84/84
[1636/2245] number-of-ways-to-split-array/sol_0: 105/105
[1637/2245] number-of-ways-to-separate-numbers/sol_0: 105/105
[1638/2245] non-decreasing-subsequences/sol_0: 66/129 [timeout@66/129]
[1639/2245] number-of-wonderful-substrings/sol_0: 77/77
[1640/2245] number-of-zero-filled-subarrays/sol_0: 99/99
[1641/2245] numbers-at-most-n-given-digit-set/sol_0: 113/113
[1642/2245] numbers-with-repeated-digits/sol_0: 59/59
[1643/2245] numbers-with-same-consecutive-differences/sol_0: 61/61
[1644/2245] occurrences-after-bigram/sol_0: 101/101
[1645/2245] odd-string-difference/sol_0: 80/80
[1646/2245] ones-and-zeroes/sol_0: 110/110
[1647/2245] optimal-division/sol_0: 114/114
[1648/2245] optimal-partition-of-string/sol_0: 103/103
[1649/2245] optimize-water-distribution-in-a-village/sol_0: 74/74
[1650/2245] orderly-queue/sol_0: 118/118
[1651/2245] out-of-boundary-paths/sol_0: 117/117
[1652/2245] output-contest-matches/sol_0: 13/13
[1653/2245] pacific-atlantic-water-flow/sol_0: 62/62
[1654/2245] paint-fence/sol_0: 103/103
[1655/2245] paint-house/sol_0: 96/96
[1656/2245] paint-house-ii/sol_0: 65/65
[1657/2245] paint-house-iii/sol_0: 67/67
[1658/2245] painting-a-grid-with-three-different-colors/sol_0: 61/61
[1659/2245] painting-the-walls/sol_0: 93/93
[1660/2245] number-of-good-binary-strings/sol_0: 15/97 [timeout@15/97]
[1661/2245] pairs-of-songs-with-total-durations-divisible-by-60/sol_0: 89/89
[1662/2245] palindrome-number/sol_0: 61/61
[1663/2245] palindrome-pairs/sol_0: 91/91
[1664/2245] palindrome-partitioning-ii/sol_0: 158/158
[1665/2245] palindrome-partitioning-iii/sol_0: 89/89
[1666/2245] palindrome-partitioning-iv/sol_0: 165/165
[1667/2245] palindrome-permutation/sol_0: 105/105
[1668/2245] number-of-valid-words-for-each-puzzle/sol_0: 5/70 [timeout@5/70]
[1669/2245] palindrome-rearrangement-queries/sol_0: 51/51
[1670/2245] palindrome-removal/sol_0: 104/104
[1671/2245] palindromic-substrings/sol_0: 140/140
[1672/2245] number-of-ways-to-build-sturdy-brick-wall/sol_0: 125/125
[1673/2245] pancake-sorting/sol_0: 99/99
[1674/2245] parallel-courses/sol_0: 77/77
[1675/2245] parallel-courses-iii/sol_0: 60/60
[1676/2245] parsing-a-boolean-expression/sol_0: 130/130
[1677/2245] partition-array-according-to-given-pivot/sol_0: 105/105
[1678/2245] partition-array-for-maximum-sum/sol_0: 104/104
[1679/2245] partition-array-into-disjoint-intervals/sol_0: 95/95
[1680/2245] partition-array-into-three-parts-with-equal-sum/sol_0: 77/77
[1681/2245] partition-array-into-two-arrays-to-minimize-sum-difference/sol_0: 88/88
[1682/2245] partition-array-such-that-maximum-difference-is-k/sol_0: 112/112
[1683/2245] partition-equal-subset-sum/sol_0: 86/86
[1684/2245] partition-labels/sol_0: 64/64
[1685/2245] partition-list/sol_0: 0/0
[1686/2245] partition-string-into-minimum-beautiful-substrings/sol_0: 148/148
[1687/2245] number-of-ways-to-stay-in-the-same-place-after-some-steps/sol_0: 1/77 [timeout@1/77]
[1688/2245] number-of-ways-to-wear-different-hats-to-each-other/sol_0: 46/83 [timeout@46/83]
[1689/2245] partitioning-into-minimum-number-of-deci-binary-numbers/sol_0: 72/72
[1690/2245] pascals-triangle/sol_0: 16/16
[1691/2245] pascals-triangle-ii/sol_0: 20/20
[1692/2245] pass-the-pillow/sol_0: 94/94
[1693/2245] patching-array/sol_0: 105/105
[1694/2245] path-crossing/sol_0: 186/186
[1695/2245] path-in-zigzag-labelled-binary-tree/sol_0: 78/78
[1696/2245] path-sum-iv/sol_0: 125/125
[1697/2245] parallel-courses-ii/sol_0: 92/92
[1698/2245] path-with-maximum-minimum-value/sol_0: 72/72
[1699/2245] paths-in-matrix-whose-sum-is-divisible-by-k/sol_0: 74/74
[1700/2245] paths-in-maze-that-lead-to-same-room/sol_0: 59/59
[1701/2245] peak-index-in-a-mountain-array/sol_0: 87/87
[1702/2245] peaks-in-array/sol_0: 86/86
[1703/2245] people-whose-list-of-favorite-companies-is-not-a-subset-of-another-list/sol_0: 79/79
[1704/2245] percentage-of-letter-in-string/sol_0: 107/107
[1705/2245] perfect-number/sol_0: 49/49
[1706/2245] perfect-rectangle/sol_0: 97/97
[1707/2245] path-with-maximum-gold/sol_0: 37/99
[1708/2245] perform-string-shifts/sol_0: 89/89
[1709/2245] permutation-difference-between-two-strings/sol_0: 80/80
[1710/2245] permutation-in-string/sol_0: 95/95
[1711/2245] permutation-sequence/sol_0: 58/58
[1712/2245] permutations/sol_0: 64/64
[1713/2245] perfect-squares/sol_0: 75/75
[1714/2245] pizza-with-3n-slices/sol_0: 111/111
[1715/2245] plates-between-candles/sol_0: 13/13
[1716/2245] plus-one/sol_0: 77/77
[1717/2245] points-that-intersect-with-cars/sol_0: 85/85
[1718/2245] poor-pigs/sol_0: 99/99
[1719/2245] positions-of-large-groups/sol_0: 54/54
[1720/2245] pour-water/sol_0: 120/120
[1721/2245] pour-water-between-buckets-to-make-water-levels-equal/sol_0: 106/106
[1722/2245] power-of-four/sol_0: 58/58
[1723/2245] power-of-heroes/sol_0: 93/93
[1724/2245] power-of-three/sol_0: 76/76
[1725/2245] power-of-two/sol_0: 103/103
[1726/2245] powerful-integers/sol_0: 8/82
[1727/2245] powx-n/sol_0: 0/0
[1728/2245] predict-the-winner/sol_0: 109/109
[1729/2245] preimage-size-of-factorial-zeroes-function/sol_0: 104/104
[1730/2245] previous-permutation-with-one-swap/sol_0: 140/140
[1731/2245] prime-arrangements/sol_0: 27/27
[1732/2245] prime-in-diagonal/sol_0: 73/73
[1733/2245] prime-number-of-set-bits-in-binary-representation/sol_0: 79/79
[1734/2245] prime-pairs-with-target-sum/sol_0: 60/60
[1735/2245] palindrome-partitioning/sol_0: 80/142 [timeout@80/142]
[1736/2245] prime-subtraction-operation/sol_0: 157/157
[1737/2245] print-words-vertically/sol_0: 140/140
[1738/2245] process-restricted-friend-requests/sol_0: 72/72
[1739/2245] process-tasks-using-servers/sol_0: 111/111
[1740/2245] product-of-array-except-self/sol_0: 99/99
[1741/2245] product-of-two-run-length-encoded-arrays/sol_0: 99/99
[1742/2245] palindrome-permutation-ii/sol_0: 56/119 [timeout@56/119]
[1743/2245] profitable-schemes/sol_0: 114/114
[1744/2245] projection-area-of-3d-shapes/sol_0: 72/72
[1745/2245] push-dominoes/sol_0: 162/162
[1746/2245] put-boxes-into-the-warehouse-i/sol_0: 107/107
[1747/2245] put-boxes-into-the-warehouse-ii/sol_0: 136/136
[1748/2245] put-marbles-in-bags/sol_0: 87/87
[1749/2245] queens-that-can-attack-the-king/sol_0: 102/102
[1750/2245] queries-on-a-permutation-with-key/sol_0: 97/97
[1751/2245] queries-on-number-of-points-inside-a-circle/sol_0: 51/51
[1752/2245] query-kth-smallest-trimmed-number/sol_0: 94/94
[1753/2245] queue-reconstruction-by-height/sol_0: 101/101
[1754/2245] rabbits-in-forest/sol_0: 66/66
[1755/2245] range-addition-ii/sol_0: 112/112
[1756/2245] range-product-queries-of-powers/sol_0: 90/90
[1757/2245] range-sum-of-sorted-subarray-sums/sol_0: 105/105
[1758/2245] rank-transform-of-a-matrix/sol_0: 96/96
[1759/2245] rank-transform-of-an-array/sol_0: 113/113
[1760/2245] ransom-note/sol_0: 141/141
[1761/2245] reach-a-number/sol_0: 70/70
[1762/2245] reaching-points/sol_0: 101/101
[1763/2245] rearrange-array-elements-by-sign/sol_0: 99/99
[1764/2245] rearrange-array-to-maximize-prefix-score/sol_0: 105/105
[1765/2245] rearrange-characters-to-make-target-string/sol_0: 129/129
[1766/2245] rearrange-spaces-between-words/sol_0: 135/135
[1767/2245] rearrange-string-k-distance-apart/sol_0: 104/104
[1768/2245] rearrange-words-in-a-sentence/sol_0: 152/152
[1769/2245] rearranging-fruits/sol_0: 109/109
[1770/2245] race-car/sol_0: 49/49
[1771/2245] reconstruct-a-2-row-binary-matrix/sol_0: 72/72
[1772/2245] reconstruct-itinerary/sol_0: 69/69
[1773/2245] reconstruct-original-digits-from-english/sol_0: 185/185
[1774/2245] recover-the-original-array/sol_0: 111/111
[1775/2245] rectangle-area/sol_0: 76/76
[1776/2245] rectangle-overlap/sol_0: 117/117
[1777/2245] redistribute-characters-to-make-all-strings-equal/sol_0: 89/89
[1778/2245] reduce-array-size-to-the-half/sol_0: 85/85
[1779/2245] reducing-dishes/sol_0: 114/114
[1780/2245] reduction-operations-to-make-the-array-elements-equal/sol_0: 99/99
[1781/2245] redundant-connection-ii/sol_0: 94/94
[1782/2245] redundant-connection/sol_0: 75/75
[1783/2245] reformat-date/sol_0: 111/111
[1784/2245] reformat-phone-number/sol_0: 161/161
[1785/2245] reformat-the-string/sol_0: 136/136
[1786/2245] regions-cut-by-slashes/sol_0: 89/89
[1787/2245] regular-expression-matching/sol_0: 151/151
[1788/2245] relative-ranks/sol_0: 89/89
[1789/2245] relocate-marbles/sol_0: 97/97
[1790/2245] relative-sort-array/sol_0: 130/130
[1791/2245] remove-9/sol_0: 58/58
[1792/2245] remove-adjacent-almost-equal-characters/sol_0: 95/95
[1793/2245] remove-all-adjacent-duplicates-in-string/sol_0: 42/42
[1794/2245] remove-all-adjacent-duplicates-in-string-ii/sol_0: 107/107
[1795/2245] remove-all-ones-with-row-and-column-flips/sol_0: 82/82
[1796/2245] prime-palindrome/sol_0: 53/53
[1797/2245] remove-colored-pieces-if-both-neighbors-are-the-same-color/sol_0: 182/182
[1798/2245] remove-comments/sol_0: 102/102
[1799/2245] remove-covered-intervals/sol_0: 111/111
[1800/2245] remove-digit-from-number-to-maximize-result/sol_0: 126/126
[1801/2245] remove-duplicate-letters/sol_0: 99/99
[1802/2245] remove-duplicates-from-sorted-array/sol_0: 127/127
[1803/2245] remove-duplicates-from-sorted-array-ii/sol_0: 128/128
[1804/2245] remove-duplicates-from-sorted-list/sol_0: 0/1 [compile_fail]
[1805/2245] remove-duplicates-from-sorted-list-ii/sol_0: 0/1 [compile_fail]
[1806/2245] remove-element/sol_0: 112/112
[1807/2245] remove-interval/sol_0: 122/122
[1808/2245] remove-k-digits/sol_0: 111/111
[1809/2245] remove-letter-to-equalize-frequency/sol_0: 74/74
[1810/2245] remove-max-number-of-edges-to-keep-graph-fully-traversable/sol_0: 65/65
[1811/2245] remove-one-element-to-make-the-array-strictly-increasing/sol_0: 179/179
[1812/2245] remove-outermost-parentheses/sol_0: 103/103
[1813/2245] remove-palindromic-subsequences/sol_0: 172/172
[1814/2245] partition-string-into-substrings-with-values-at-most-k/sol_0: 24/109 [timeout@24/109]
[1815/2245] partition-to-k-equal-sum-subsets/sol_0: 2/87 [timeout@9/87]
[1816/2245] remove-stones-to-minimize-the-total/sol_0: 83/83
[1817/2245] remove-sub-folders-from-the-filesystem/sol_0: 97/97
[1818/2245] remove-trailing-zeros-from-a-string/sol_0: 24/24
[1819/2245] remove-vowels-from-a-string/sol_0: 57/57
[1820/2245] removing-minimum-and-maximum-from-array/sol_0: 101/101
[1821/2245] removing-minimum-number-of-magic-beans/sol_0: 107/107
[1822/2245] removing-stars-from-a-string/sol_0: 65/65
[1823/2245] reorder-routes-to-make-all-paths-lead-to-the-city-zero/sol_0: 57/57
[1824/2245] reordered-power-of-2/sol_0: 87/87
[1825/2245] repeated-string-match/sol_0: 144/144
[1826/2245] reorganize-string/sol_0: 56/56
[1827/2245] repeated-dna-sequences/sol_0: 137/137
[1828/2245] replace-all-digits-with-characters/sol_0: 115/115
[1829/2245] repeated-substring-pattern/sol_0: 87/87
[1830/2245] replace-all-s-to-avoid-consecutive-repeating-characters/sol_0: 122/122
[1831/2245] replace-elements-with-greatest-element-on-right-side/sol_0: 104/104
[1832/2245] replace-elements-in-an-array/sol_0: 76/76
[1833/2245] replace-non-coprime-numbers-in-array/sol_0: 134/134
[1834/2245] replace-words/sol_0: 4/184
[1835/2245] replace-question-marks-in-string-to-minimize-its-value/sol_0: 38/38
[1836/2245] replace-the-substring-for-balanced-string/sol_0: 158/158
[1837/2245] reshape-the-matrix/sol_0: 97/97
[1838/2245] restore-ip-addresses/sol_0: 143/143
[1839/2245] restore-the-array/sol_0: 104/104
[1840/2245] restore-the-array-from-adjacent-pairs/sol_0: 79/79
[1841/2245] reveal-cards-in-increasing-order/sol_0: 78/78
[1842/2245] reverse-bits/sol_0: 24/24
[1843/2245] reverse-linked-list/sol_0: 0/0
[1844/2245] reverse-integer/sol_0: 61/61
[1845/2245] reverse-only-letters/sol_0: 98/98
[1846/2245] reverse-string/sol_0: 0/0
[1847/2245] reverse-prefix-of-word/sol_0: 133/133
[1848/2245] reverse-subarray-to-maximize-array-value/sol_0: 99/99
[1849/2245] reverse-words-in-a-string/sol_0: 44/44
[1850/2245] reverse-vowels-of-a-string/sol_0: 38/38
[1851/2245] reverse-substrings-between-each-pair-of-parentheses/sol_0: 93/93
[1852/2245] reverse-words-in-a-string-iii/sol_0: 91/91
[1853/2245] reverse-words-in-a-string-ii/sol_0: 0/0
[1854/2245] reward-top-k-students/sol_0: 82/82
[1855/2245] richest-customer-wealth/sol_0: 85/85
[1856/2245] right-triangles/sol_0: 67/67
[1857/2245] rings-and-rods/sol_0: 99/99
[1858/2245] robot-bounded-in-circle/sol_0: 140/140
[1859/2245] robot-collisions/sol_0: 138/138
[1860/2245] robot-return-to-origin/sol_0: 112/112
[1861/2245] roman-to-integer/sol_0: 94/94
[1862/2245] rotate-function/sol_0: 89/89
[1863/2245] rotate-array/sol_0: 0/0
[1864/2245] rotate-image/sol_0: 0/0
[1865/2245] rotate-string/sol_0: 113/113
[1866/2245] rotated-digits/sol_0: 55/55
[1867/2245] rotting-oranges/sol_0: 96/96
[1868/2245] row-with-maximum-ones/sol_0: 71/71
[1869/2245] running-sum-of-1d-array/sol_0: 94/94
[1870/2245] russian-doll-envelopes/sol_0: 96/96
[1871/2245] score-after-flipping-matrix/sol_0: 80/80
[1872/2245] score-of-a-string/sol_0: 87/87
[1873/2245] score-of-parentheses/sol_0: 55/55
[1874/2245] search-a-2d-matrix/sol_0: 143/143
[1875/2245] search-a-2d-matrix-ii/sol_0: 95/95
[1876/2245] search-in-rotated-sorted-array/sol_0: 131/131
[1877/2245] search-in-rotated-sorted-array-ii/sol_0: 77/77
[1878/2245] search-insert-position/sol_0: 117/117
[1879/2245] search-suggestions-system/sol_0: 0/109
[1880/2245] second-largest-digit-in-a-string/sol_0: 131/131
[1881/2245] second-minimum-time-to-reach-destination/sol_0: 84/84
[1882/2245] self-crossing/sol_0: 113/113
[1883/2245] self-dividing-numbers/sol_0: 82/82
[1884/2245] sell-diminishing-valued-colored-balls/sol_0: 88/88
[1885/2245] semi-ordered-permutation/sol_0: 99/99
[1886/2245] sender-with-largest-word-count/sol_0: 117/117
[1887/2245] sentence-screen-fitting/sol_0: 113/113
[1888/2245] sentence-similarity/sol_0: 121/121
[1889/2245] sentence-similarity-ii/sol_0: 113/113
[1890/2245] sentence-similarity-iii/sol_0: 197/197
[1891/2245] separate-black-and-white-balls/sol_0: 152/152
[1892/2245] sequence-reconstruction/sol_0: 83/83
[1893/2245] sequential-digits/sol_0: 88/88
[1894/2245] set-intersection-size-at-least-two/sol_0: 90/90
[1895/2245] set-matrix-zeroes/sol_0: 0/0
[1896/2245] set-mismatch/sol_0: 89/89
[1897/2245] shift-2d-grid/sol_0: 84/84
[1898/2245] permutations-ii/sol_0: 45/104 [timeout@45/104]
[1899/2245] shifting-letters/sol_0: 88/88
[1900/2245] shifting-letters-ii/sol_0: 94/94
[1901/2245] shortest-and-lexicographically-smallest-beautiful-string/sol_0: 119/119
[1902/2245] shortest-bridge/sol_0: 52/52
[1903/2245] shortest-common-supersequence/sol_0: 99/99
[1904/2245] shortest-completing-word/sol_0: 74/74
[1905/2245] shortest-cycle-in-a-graph/sol_0: 64/64
[1906/2245] shortest-distance-from-all-buildings/sol_0: 86/86
[1907/2245] shortest-distance-to-a-character/sol_0: 118/118
[1908/2245] shortest-distance-to-target-color/sol_0: 89/89
[1909/2245] shortest-impossible-sequence-of-rolls/sol_0: 97/97
[1910/2245] shortest-palindrome/sol_0: 157/157
[1911/2245] satisfiability-of-equality-equations/sol_0: 83/83
[1912/2245] shortest-path-in-binary-matrix/sol_0: 67/67
[1913/2245] shortest-path-in-a-grid-with-obstacles-elimination/sol_0: 75/75
[1914/2245] shortest-path-to-get-all-keys/sol_0: 60/60
[1915/2245] shortest-path-to-get-food/sol_0: 59/59
[1916/2245] shortest-path-with-alternating-colors/sol_0: 97/97
[1917/2245] shortest-subarray-to-be-removed-to-make-array-sorted/sol_0: 189/189
[1918/2245] shortest-subarray-with-or-at-least-k-i/sol_0: 109/109
[1919/2245] shortest-subarray-with-or-at-least-k-ii/sol_0: 95/95
[1920/2245] shortest-subarray-with-sum-at-least-k/sol_0: 127/127
[1921/2245] shortest-uncommon-substring-in-an-array/sol_0: 109/109
[1922/2245] shortest-unsorted-continuous-subarray/sol_0: 158/158
[1923/2245] shortest-way-to-form-string/sol_0: 158/158
[1924/2245] shortest-word-distance/sol_0: 108/108
[1925/2245] shortest-word-distance-iii/sol_0: 104/104
[1926/2245] shuffle-the-array/sol_0: 71/71
[1927/2245] sign-of-the-product-of-an-array/sol_0: 93/93
[1928/2245] similar-rgb-color/sol_0: 167/167
[1929/2245] similar-string-groups/sol_0: 57/57
[1930/2245] simplified-fractions/sol_0: 22/22
[1931/2245] simplify-path/sol_0: 198/198
[1932/2245] single-element-in-a-sorted-array/sol_0: 133/133
[1933/2245] single-number/sol_0: 108/108
[1934/2245] single-number-ii/sol_0: 98/98
[1935/2245] single-number-iii/sol_0: 102/102
[1936/2245] single-row-keyboard/sol_0: 95/95
[1937/2245] shopping-offers/sol_0: 90/90
[1938/2245] sliding-subarray-beauty/sol_0: 106/106
[1939/2245] sliding-window-maximum/sol_0: 104/104
[1940/2245] slowest-key/sol_0: 38/38
[1941/2245] smallest-even-multiple/sol_0: 91/91
[1942/2245] smallest-good-base/sol_0: 104/104
[1943/2245] smallest-index-with-equal-value/sol_0: 98/98
[1944/2245] remove-all-ones-with-row-and-column-flips-ii/sol_0: 16/88 [timeout@16/88]
[1945/2245] remove-boxes/sol_0: 84/122 [timeout@84/122]
[1946/2245] smallest-k-length-subsequence-with-occurrences-of-a-letter/sol_0: 45/45
[1947/2245] smallest-missing-genetic-value-in-each-subtree/sol_0: 38/38
[1948/2245] smallest-missing-integer-greater-than-sequential-prefix-sum/sol_0: 123/123
[1949/2245] smallest-missing-non-negative-integer-after-operations/sol_0: 125/125
[1950/2245] smallest-number-with-given-digit-product/sol_0: 41/41
[1951/2245] smallest-range-covering-elements-from-k-lists/sol_0: 97/97
[1952/2245] smallest-range-i/sol_0: 126/126
[1953/2245] smallest-range-ii/sol_0: 107/107
[1954/2245] smallest-rectangle-enclosing-black-pixels/sol_0: 71/71
[1955/2245] smallest-rotation-with-highest-score/sol_0: 94/94
[1956/2245] smallest-string-with-swaps/sol_0: 74/74
[1957/2245] smallest-subarrays-with-maximum-bitwise-or/sol_0: 102/102
[1958/2245] smallest-subsequence-of-distinct-characters/sol_0: 124/124
[1959/2245] smallest-sufficient-team/sol_0: 72/72
[1960/2245] smallest-value-after-replacing-with-sum-of-prime-factors/sol_0: 45/45
[1961/2245] smallest-value-of-the-rearranged-number/sol_0: 121/121
[1962/2245] snakes-and-ladders/sol_0: 72/72
[1963/2245] solve-the-equation/sol_0: 253/253
[1964/2245] solving-questions-with-brainpower/sol_0: 108/108
[1965/2245] sort-array-by-increasing-frequency/sol_0: 117/117
[1966/2245] sort-array-by-moving-items-to-empty-space/sol_0: 161/161
[1967/2245] sort-array-by-parity/sol_0: 98/98
[1968/2245] sort-array-by-parity-ii/sol_0: 81/81
[1969/2245] sort-characters-by-frequency/sol_0: 54/54
[1970/2245] sort-colors/sol_0: 0/0
[1971/2245] sort-even-and-odd-indices-independently/sol_0: 107/107
[1972/2245] sort-features-by-popularity/sol_0: 52/52
[1973/2245] sort-integers-by-the-number-of-1-bits/sol_0: 96/96
[1974/2245] sort-integers-by-the-power-value/sol_0: 93/93
[1975/2245] sort-items-by-groups-respecting-dependencies/sol_0: 72/72
[1976/2245] sort-the-jumbled-numbers/sol_0: 110/110
[1977/2245] sort-the-matrix-diagonally/sol_0: 81/81
[1978/2245] sort-the-people/sol_0: 120/120
[1979/2245] sort-the-students-by-their-kth-score/sol_0: 83/83
[1980/2245] sort-transformed-array/sol_0: 122/122
[1981/2245] sort-vowels-in-a-string/sol_0: 150/150
[1982/2245] sorting-the-sentence/sol_0: 70/70
[1983/2245] sorting-three-groups/sol_0: 131/131
[1984/2245] soup-servings/sol_0: 55/55
[1985/2245] sparse-matrix-multiplication/sol_0: 88/88
[1986/2245] special-array-i/sol_0: 127/127
[1987/2245] special-array-ii/sol_0: 83/83
[1988/2245] special-array-with-x-elements-greater-than-or-equal-x/sol_0: 75/75
[1989/2245] scramble-string/sol_0: 9/109 [timeout@9/109]
[1990/2245] special-positions-in-a-binary-matrix/sol_0: 70/70
[1991/2245] spiral-matrix/sol_0: 53/53
[1992/2245] spiral-matrix-ii/sol_0: 20/20
[1993/2245] spiral-matrix-iii/sol_0: 78/78
[1994/2245] split-a-string-in-balanced-strings/sol_0: 118/118
[1995/2245] special-permutations/sol_0: 97/97
[1996/2245] split-array-into-consecutive-subsequences/sol_0: 47/123
[1997/2245] split-array-into-fibonacci-sequence/sol_0: 78/78
[1998/2245] split-array-into-maximum-number-of-subarrays/sol_0: 103/103
[1999/2245] shortest-path-visiting-all-nodes/sol_0: 2/63 [timeout@2/63]
[2000/2245] split-array-largest-sum/sol_0: 83/83
[2001/2245] split-array-with-equal-sum/sol_0: 109/109
[2002/2245] split-concatenated-strings/sol_0: 110/110
[2003/2245] split-message-based-on-limit/sol_0: 81/81
[2004/2245] split-strings-by-separator/sol_0: 138/138
[2005/2245] split-the-array/sol_0: 110/110
[2006/2245] split-the-array-to-make-coprime-products/sol_0: 107/107
[2007/2245] split-two-strings-to-make-palindrome/sol_0: 126/126
[2008/2245] split-with-minimum-sum/sol_0: 98/98
[2009/2245] splitting-a-string-into-descending-consecutive-values/sol_0: 134/134
[2010/2245] sqrtx/sol_0: 67/67
[2011/2245] squares-of-a-sorted-array/sol_0: 119/119
[2012/2245] squirrel-simulation/sol_0: 78/78
[2013/2245] stamping-the-grid/sol_0: 81/81
[2014/2245] single-threaded-cpu/sol_0: 0/109 [timeout@72/109]
[2015/2245] steps-to-make-array-non-decreasing/sol_0: 129/129
[2016/2245] stickers-to-spell-word/sol_0: 127/127
[2017/2245] stone-game/sol_0: 119/119
[2018/2245] stepping-numbers/sol_0: 98/98
[2019/2245] stone-game-iii/sol_0: 102/102
[2020/2245] stone-game-iv/sol_0: 16/16
[2021/2245] stone-game-ix/sol_0: 108/108
[2022/2245] stone-game-v/sol_0: 93/93
[2023/2245] stone-game-vi/sol_0: 106/106
[2024/2245] stone-game-vii/sol_0: 108/108
[2025/2245] stone-game-viii/sol_0: 79/79
[2026/2245] strange-printer/sol_0: 102/102
[2027/2245] strictly-palindromic-number/sol_0: 57/57
[2028/2245] string-compression/sol_0: 25/25
[2029/2245] string-compression-ii/sol_0: 68/68
[2030/2245] string-compression-iii/sol_0: 25/25
[2031/2245] string-matching-in-an-array/sol_0: 97/97
[2032/2245] string-to-integer-atoi/sol_0: 185/185
[2033/2245] string-transforms-into-another-string/sol_0: 124/124
[2034/2245] string-without-aaa-or-bbb/sol_0: 64/64
[2035/2245] strings-differ-by-one-character/sol_0: 114/114
[2036/2245] strobogrammatic-number/sol_0: 180/180
[2037/2245] strong-password-checker/sol_0: 174/174
[2038/2245] strong-password-checker-ii/sol_0: 70/70
[2039/2245] student-attendance-record-i/sol_0: 181/181
[2040/2245] smallest-integer-divisible-by-k/sol_0: 68/90 [timeout@68/90]
[2041/2245] subarray-product-less-than-k/sol_0: 127/127
[2042/2245] subarray-sum-equals-k/sol_0: 102/102
[2043/2245] subarray-sums-divisible-by-k/sol_0: 108/108
[2044/2245] subarray-with-elements-greater-than-varying-threshold/sol_0: 116/116
[2045/2245] subarrays-distinct-element-sum-of-squares-i/sol_0: 105/105
[2046/2245] subarrays-distinct-element-sum-of-squares-ii/sol_0: 113/113
[2047/2245] subarrays-with-k-different-integers/sol_0: 119/119
[2048/2245] subdomain-visit-count/sol_0: 68/68
[2049/2245] split-array-with-same-average/sol_0: 100/100
[2050/2245] subsequence-of-size-k-with-the-largest-even-sum/sol_0: 123/123
[2051/2245] subsequence-with-the-minimum-score/sol_0: 130/130
[2052/2245] subsets/sol_0: 93/93
[2053/2245] substring-with-concatenation-of-all-words/sol_0: 94/94
[2054/2245] substring-with-largest-variance/sol_0: 25/25
[2055/2245] substring-xor-queries/sol_0: 100/100
[2056/2245] substrings-of-size-three-with-distinct-characters/sol_0: 96/96
[2057/2245] substrings-that-begin-and-end-with-the-same-letter/sol_0: 78/78
[2058/2245] subtract-the-product-and-sum-of-digits-of-an-integer/sol_0: 55/55
[2059/2245] subtree-removal-game-with-fibonacci-tree/sol_0: 100/100
[2060/2245] sum-game/sol_0: 168/168
[2061/2245] sum-in-a-matrix/sol_0: 103/103
[2062/2245] sum-multiples/sol_0: 38/38
[2063/2245] sum-of-absolute-differences-in-a-sorted-array/sol_0: 69/69
[2064/2245] sum-of-all-odd-length-subarrays/sol_0: 104/104
[2065/2245] smallest-string-with-a-given-numeric-value/sol_0: 58/66 [timeout@58/66]
[2066/2245] sum-of-beauty-in-the-array/sol_0: 136/136
[2067/2245] sum-of-beauty-of-all-substrings/sol_0: 103/103
[2068/2245] sum-of-digit-differences-of-all-pairs/sol_0: 104/105
[2069/2245] sum-of-digits-in-base-k/sol_0: 87/87
[2070/2245] sum-of-digits-in-the-minimum-number/sol_0: 121/121
[2071/2245] sum-of-digits-of-string-after-convert/sol_0: 93/93
[2072/2245] sum-of-distances/sol_0: 105/105
[2073/2245] sum-of-distances-in-tree/sol_0: 40/40
[2074/2245] sum-of-even-numbers-after-queries/sol_0: 88/88
[2075/2245] sum-of-floored-pairs/sol_0: 60/60
[2076/2245] sum-of-k-mirror-numbers/sol_0: 59/59
[2077/2245] sum-of-matrix-after-queries/sol_0: 91/91
[2078/2245] sum-of-mutated-array-closest-to-target/sol_0: 113/113
[2079/2245] split-a-string-into-the-max-number-of-unique-substrings/sol_0: 32/102 [timeout@32/102]
[2080/2245] sum-of-numbers-with-units-digit-k/sol_0: 114/114
[2081/2245] sum-of-prefix-scores-of-strings/sol_0: 0/96
[2082/2245] sum-of-remoteness-of-all-cells/sol_0: 97/97
[2083/2245] sum-of-scores-of-built-strings/sol_0: 123/123
[2084/2245] sum-of-special-evenly-spaced-elements-in-array/sol_0: 54/54
[2085/2245] stone-game-ii/sol_0: 20/94 [timeout@20/94]
[2086/2245] sum-of-squares-of-special-elements/sol_0: 105/105
[2087/2245] sum-of-subarray-minimums/sol_0: 93/93
[2088/2245] sum-of-subarray-ranges/sol_0: 127/127
[2089/2245] sum-of-subsequence-widths/sol_0: 86/86
[2090/2245] sum-of-total-strength-of-wizards/sol_0: 104/104
[2091/2245] sum-of-two-integers/sol_0: 80/80
[2092/2245] sum-of-unique-elements/sol_0: 99/99
[2093/2245] sum-of-values-at-indices-with-k-set-bits/sol_0: 79/79
[2094/2245] summary-ranges/sol_0: 120/120
[2095/2245] super-egg-drop/sol_0: 92/92
[2096/2245] student-attendance-record-ii/sol_0: 5/8 [timeout@5/8]
[2097/2245] super-washing-machines/sol_0: 53/53
[2098/2245] surface-area-of-3d-shapes/sol_0: 78/78
[2099/2245] surrounded-regions/sol_0: 0/0
[2100/2245] swap-for-longest-repeated-character-substring/sol_0: 56/56
[2101/2245] swim-in-rising-water/sol_0: 33/33
[2102/2245] tag-validator/sol_0: 231/231
[2103/2245] take-gifts-from-the-richest-pile/sol_0: 108/108
[2104/2245] take-k-of-each-character-from-left-and-right/sol_0: 129/129
[2105/2245] taking-maximum-energy-from-the-mystic-dungeon/sol_0: 120/120
[2106/2245] tallest-billboard/sol_0: 96/96
[2107/2245] target-sum/sol_0: 85/85
[2108/2245] task-scheduler/sol_0: 86/86
[2109/2245] task-scheduler-ii/sol_0: 102/102
[2110/2245] teemo-attacking/sol_0: 120/120
[2111/2245] ternary-expression-parser/sol_0: 25/25
[2112/2245] text-justification/sol_0: 108/108
[2113/2245] the-earliest-and-latest-rounds-where-players-compete/sol_0: 87/87
[2114/2245] the-earliest-moment-when-everyone-become-friends/sol_0: 89/89
[2115/2245] the-employee-that-worked-on-the-longest-task/sol_0: 99/99
[2116/2245] the-k-strongest-values-in-an-array/sol_0: 91/91
[2117/2245] the-k-th-lexicographical-string-of-all-happy-strings-of-length-n/sol_0: 78/78
[2118/2245] the-k-weakest-rows-in-a-matrix/sol_0: 80/80
[2119/2245] subsets-ii/sol_0: 43/116 [timeout@43/116]
[2120/2245] the-knights-tour/sol_0: 52/52
[2121/2245] the-kth-factor-of-n/sol_0: 81/81
[2122/2245] the-latest-time-to-catch-a-bus/sol_0: 93/93
[2123/2245] the-maze/sol_0: 76/76
[2124/2245] the-maze-ii/sol_0: 65/65
[2125/2245] the-number-of-full-rounds-you-have-played/sol_0: 168/168
[2126/2245] the-number-of-good-subsets/sol_0: 4/4
[2127/2245] the-number-of-the-smallest-unoccupied-chair/sol_0: 101/101
[2128/2245] the-number-of-ways-to-make-the-sum/sol_0: 56/56
[2129/2245] the-number-of-weak-characters-in-the-game/sol_0: 99/99
[2130/2245] the-number-of-beautiful-subsets/sol_0: 74/74
[2131/2245] the-time-when-the-network-becomes-idle/sol_0: 51/51
[2132/2245] the-wording-game/sol_0: 154/154
[2133/2245] third-maximum-number/sol_0: 127/127
[2134/2245] thousand-separator/sol_0: 50/50
[2135/2245] sum-of-all-subset-xor-totals/sol_0: 33/100 [timeout@33/100]
[2136/2245] three-consecutive-odds/sol_0: 131/131
[2137/2245] three-equal-parts/sol_0: 99/99
[2138/2245] tiling-a-rectangle-with-the-fewest-squares/sol_0: 18/18
[2139/2245] time-needed-to-buy-tickets/sol_0: 99/99
[2140/2245] time-needed-to-inform-all-employees/sol_0: 43/43
[2141/2245] time-needed-to-rearrange-a-binary-string/sol_0: 127/127
[2142/2245] time-taken-to-cross-the-door/sol_0: 97/97
[2143/2245] time-to-cross-a-bridge/sol_0: 100/100
[2144/2245] to-lower-case/sol_0: 41/41
[2145/2245] toeplitz-matrix/sol_0: 84/84
[2146/2245] top-k-frequent-elements/sol_0: 34/34
[2147/2245] top-k-frequent-words/sol_0: 92/92
[2148/2245] toss-strange-coins/sol_0: 82/82
[2149/2245] total-appeal-of-a-string/sol_0: 69/69
[2150/2245] total-cost-to-hire-k-workers/sol_0: 99/99
[2151/2245] total-distance-traveled/sol_0: 79/79
[2152/2245] total-hamming-distance/sol_0: 98/98
[2153/2245] transform-to-chessboard/sol_0: 75/75
[2154/2245] transpose-matrix/sol_0: 74/74
[2155/2245] trapping-rain-water/sol_0: 128/128
[2156/2245] trapping-rain-water-ii/sol_0: 78/78
[2157/2245] tree-diameter/sol_0: 57/57
[2158/2245] tree-of-coprimes/sol_0: 31/31
[2159/2245] triangle/sol_0: 92/92
[2160/2245] the-score-of-students-solving-math-expression/sol_0: 109/109
[2161/2245] three-divisors/sol_0: 144/144
[2162/2245] truncate-sentence/sol_0: 94/94
[2163/2245] triples-with-bitwise-and-equal-to-zero/sol_0: 91/91
[2164/2245] two-best-non-overlapping-events/sol_0: 97/97
[2165/2245] two-city-scheduling/sol_0: 68/68
[2166/2245] two-out-of-three/sol_0: 100/100
[2167/2245] two-furthest-houses-with-different-colors/sol_0: 90/90
[2168/2245] tuple-with-same-product/sol_0: 105/105
[2169/2245] two-sum/sol_0: 72/72
[2170/2245] two-sum-ii-input-array-is-sorted/sol_0: 83/83
[2171/2245] two-sum-less-than-k/sol_0: 98/98
[2172/2245] type-of-triangle/sol_0: 96/96
[2173/2245] ugly-number/sol_0: 74/74
[2174/2245] uncrossed-lines/sol_0: 106/106
[2175/2245] unique-binary-search-trees/sol_0: 14/14
[2176/2245] unique-email-addresses/sol_0: 104/104
[2177/2245] unique-length-3-palindromic-subsequences/sol_0: 75/75
[2178/2245] unique-morse-code-words/sol_0: 82/82
[2179/2245] unique-number-of-occurrences/sol_0: 107/107
[2180/2245] unique-paths/sol_0: 55/55
[2181/2245] unique-paths-ii/sol_0: 102/102
[2182/2245] unique-substrings-in-wraparound-string/sol_0: 66/66
[2183/2245] using-a-robot-to-print-the-lexicographically-smallest-string/sol_0: 61/61
[2184/2245] utf-8-validation/sol_0: 135/135
[2185/2245] valid-anagram/sol_0: 107/107
[2186/2245] unique-substrings-with-equal-digit-frequency/sol_0: 125/125
[2187/2245] valid-boomerang/sol_0: 116/116
[2188/2245] valid-mountain-array/sol_0: 141/141
[2189/2245] valid-number/sol_0: 306/306
[2190/2245] ugly-number-ii/sol_0: 38/38
[2191/2245] valid-palindrome/sol_0: 21/21
[2192/2245] valid-palindrome-ii/sol_0: 108/108
[2193/2245] valid-palindrome-iii/sol_0: 116/116
[2194/2245] valid-palindrome-iv/sol_0: 141/141
[2195/2245] valid-parentheses/sol_0: 148/148
[2196/2245] valid-parenthesis-string/sol_0: 181/181
[2197/2245] valid-perfect-square/sol_0: 50/50
[2198/2245] valid-square/sol_0: 89/89
[2199/2245] valid-sudoku/sol_0: 19/19
[2200/2245] valid-triangle-number/sol_0: 115/115
[2201/2245] valid-word/sol_0: 49/49
[2202/2245] valid-permutations-for-di-sequence/sol_0: 247/247
[2203/2245] valid-word-abbreviation/sol_0: 234/234
[2204/2245] valid-word-square/sol_0: 111/111
[2205/2245] validate-binary-tree-nodes/sol_0: 137/137
[2206/2245] validate-ip-address/sol_0: 243/243
[2207/2245] verify-preorder-sequence-in-binary-search-tree/sol_0: 97/97
[2208/2245] validate-stack-sequences/sol_0: 101/101
[2209/2245] verifying-an-alien-dictionary/sol_0: 158/158
[2210/2245] verify-preorder-serialization-of-a-binary-tree/sol_0: 145/145
[2211/2245] visit-array-positions-to-maximize-score/sol_0: 109/109
[2212/2245] video-stitching/sol_0: 95/95
[2213/2245] vowels-game-in-a-string/sol_0: 121/121
[2214/2245] vowels-of-all-substrings/sol_0: 80/80
[2215/2245] walls-and-gates/sol_0: 0/0
[2216/2245] walking-robot-simulation/sol_0: 114/114
[2217/2245] water-bottles/sol_0: 73/73
[2218/2245] water-bottles-ii/sol_0: 86/86
[2219/2245] watering-plants/sol_0: 84/84
[2220/2245] watering-plants-ii/sol_0: 104/104
[2221/2245] ways-to-make-a-fair-array/sol_0: 100/100
[2222/2245] ways-to-split-array-into-good-subarrays/sol_0: 87/87
[2223/2245] where-will-the-ball-fall/sol_0: 65/65
[2224/2245] ways-to-split-array-into-three-subarrays/sol_0: 93/93
[2225/2245] widest-vertical-area-between-two-points-containing-no-points/sol_0: 104/104
[2226/2245] widest-pair-of-indices-with-equal-range-sum/sol_0: 87/87
[2227/2245] wiggle-sort/sol_0: 0/0
[2228/2245] wiggle-sort-ii/sol_0: 0/0
[2229/2245] wiggle-subsequence/sol_0: 134/134
[2230/2245] wildcard-matching/sol_0: 207/207
[2231/2245] word-break-ii/sol_0: 2/59
[2232/2245] word-ladder/sol_0: 13/13
[2233/2245] word-break/sol_0: 87/87
[2234/2245] word-pattern/sol_0: 147/147
[2235/2245] word-subsets/sol_0: 69/69
[2236/2245] words-within-two-edits-of-dictionary/sol_0: 114/114
[2237/2245] x-of-a-kind-in-a-deck-of-cards/sol_0: 113/113
[2238/2245] xor-operation-in-an-array/sol_0: 92/92
[2239/2245] xor-queries-of-a-subarray/sol_0: 77/77
[2240/2245] zigzag-conversion/sol_0: 104/104
[2241/2245] valid-arrangement-of-pairs/sol_0: 1/79 [no PASSED]
[2242/2245] word-search/sol_0: 17/17
[2243/2245] sum-of-number-and-its-reverse/sol_0: 65/178 [timeout@65/178]
[2244/2245] sum-of-square-numbers/sol_0: 30/53 [timeout@30/53]
[2245/2245] super-ugly-number/sol_0: 29/95 [timeout@29/95]

===== Evaluation summary =====
Solutions evaluated: 2245
Lean   pass rate: 208458/215815 (96.6%)
Lean-vs-Python divergences: 115 (Lean wrong: 115 = 29 wrong-output + 86 runtime-error/timeout)
    add-bold-tag-in-string/sol_0  (3/110)
    bold-words-in-string/sol_0  (4/138)
    check-if-the-rectangle-corner-is-reachable/sol_0  (99/104)
    concatenated-words/sol_0  (6/96)
    count-pairs-with-xor-in-a-range/sol_0  (4/100)
    factor-combinations/sol_0  (7/58)
    find-a-good-subset-of-the-matrix/sol_0  (67/86)
    find-all-anagrams-in-a-string/sol_0  (83/102)
    find-anagram-mappings/sol_0  (38/81)
    find-the-difference-of-two-arrays/sol_0  (79/112)
    intersection-of-two-arrays/sol_0  (102/124)
    lexicographically-smallest-string-after-applying-operations/sol_0  (0/109)
    longest-common-suffix-queries/sol_0  (0/90)
    longest-word-in-dictionary/sol_0  (46/116)
    longest-word-with-all-prefixes/sol_0  (32/115)
    maximum-good-subarray-sum/sol_0  (90/116)
    maximum-star-sum-of-a-graph/sol_0  (103/107)
    maximum-xor-of-two-non-overlapping-subtrees/sol_0  (1/72)
    maximum-xor-with-an-element-from-array/sol_0  (1/83)
    modify-graph-edge-weights/sol_0  (4/77)
    … and 9 more (see eval_divergences.json)
Report written to cp_harness/dataset_leetcode/eval_report.json

>>> [4/4] Plot coverage by difficulty
2589 problem(s) classified across 3 difficulty level(s):
  difficulty  no-compile   partial  all-pass   total
  Easy                14        47       565     626
  Medium             101       182      1090    1373
  Hard                75        73       442     590

Saved chart → cp_harness/dataset_leetcode/coverage_by_difficulty.png
